pollno,race,year,location,type_simple,type_detail,pollster,partisan,polldate,samplesize,cand1_name,cand1_pct,cand2_name,cand2_pct,cand3_pct,margin_poll,electiondate,cand1_actual,cand2_actual,margin_actual,error,bias,rightcall,comment
15380908,2016_Pres-D_IA,2016,IA,Pres-P,Pres-D,Gravis Marketing,,1/12/16,461,Clinton,57,Sanders,36,7,21,2/1/16,49.83,49.63,0.2,20.8,,1,20
15380910,2016_Pres-D_IA,2016,IA,Pres-P,Pres-D,Iowa State University,,1/14/16,356,Clinton,47.4,Sanders,45,1,2.4,2/1/16,49.83,49.63,0.2,2.2,,1,18
15380912,2016_Pres-D_IA,2016,IA,Pres-P,Pres-D,Loras College,,1/16/16,500,Clinton,59,Sanders,30,7,29,2/1/16,49.83,49.63,0.2,28.8,,1,16
15380914,2016_Pres-D_IA,2016,IA,Pres-P,Pres-D,CNN/Opinion Research Corp.,,1/18/16,280,Clinton,43,Sanders,51,4,-8,2/1/16,49.83,49.63,0.2,8.2,,0,14
15380916,2016_Pres-D_IA,2016,IA,Pres-P,Pres-D,Douglas Fulmer & Associates,,1/19/16,570,Clinton,48,Sanders,39,7,9,2/1/16,49.83,49.63,0.2,8.8,,1,13
15380917,2016_Pres-D_IA,2016,IA,Pres-P,Pres-D,Emerson College,,1/19/16,258,Clinton,52,Sanders,43,2.9,9,2/1/16,49.83,49.63,0.2,8.8,,1,13
15380920,2016_Pres-D_IA,2016,IA,Pres-P,Pres-D,Fox News/Anderson Robbins Research/Shaw & Company Research,,1/20/16,423,Clinton,48,Sanders,42,3,6,2/1/16,49.83,49.63,0.2,5.8,,1,12
15380921,2016_Pres-D_IA,2016,IA,Pres-P,Pres-D,YouGov,,1/20/16,490,Clinton,46,Sanders,47,5,-1,2/1/16,49.83,49.63,0.2,1.2,,0,12
15380924,2016_Pres-D_IA,2016,IA,Pres-P,Pres-D,Quinnipiac University,,1/21/16,606,Clinton,45,Sanders,49,4,-4,2/1/16,49.83,49.63,0.2,4.2,,0,11
15380926,2016_Pres-D_IA,2016,IA,Pres-P,Pres-D,American Research Group,,1/23/16,400,Clinton,45,Sanders,48,3,-3,2/1/16,49.83,49.63,0.2,3.2,,0,9
15380928,2016_Pres-D_IA,2016,IA,Pres-P,Pres-D,Marist College,,1/25/16,426,Clinton,48,Sanders,45,3,3,2/1/16,49.83,49.63,0.2,2.8,,1,7
15380929,2016_Pres-D_IA,2016,IA,Pres-P,Pres-D,Monmouth University,,1/25/16,504,Clinton,47,Sanders,42,6,5,2/1/16,49.83,49.63,0.2,4.8,,1,7
15380932,2016_Pres-D_IA,2016,IA,Pres-P,Pres-D,Gravis Marketing,,1/27/16,810,Clinton,53,Sanders,42,5,11,2/1/16,49.83,49.63,0.2,10.8,,1,5
15380933,2016_Pres-D_IA,2016,IA,Pres-P,Pres-D,Public Policy Polling,,1/27/16,851,Clinton,48,Sanders,40,7,8,2/1/16,49.83,49.63,0.2,7.8,,1,5
15380936,2016_Pres-D_IA,2016,IA,Pres-P,Pres-D,Quinnipiac University,,1/28/16,919,Clinton,46,Sanders,49,3,-3,2/1/16,49.83,49.63,0.2,3.2,,0,4
15380937,2016_Pres-D_IA,2016,IA,Pres-P,Pres-D,Selzer & Company,,1/28/16,602,Clinton,45,Sanders,42,3,3,2/1/16,49.83,49.63,0.2,2.8,,1,4
15380940,2016_Pres-D_IA,2016,IA,Pres-P,Pres-D,Overtime Politics,,1/29/16,407,Clinton,47,Sanders,48,,-1,2/1/16,49.83,49.63,0.2,1.2,,0,3
15380942,2016_Pres-D_IA,2016,IA,Pres-P,Pres-D,Emerson College,,1/30/16,300,Clinton,51,Sanders,43,4,8,2/1/16,49.83,49.63,0.2,7.8,,1,2
15380909,2016_Pres-R_IA,2016,IA,Pres-P,Pres-R,Gravis Marketing,,1/12/16,422,Cruz,28,Trump,34,9,-6,2/1/16,27.64,24.3,3.34,9.34,,0,20
15380911,2016_Pres-R_IA,2016,IA,Pres-P,Pres-R,Iowa State University,,1/14/16,283,Cruz,25.8,Trump,18.9,13.4,6.9,2/1/16,27.64,24.3,3.34,3.56,,1,18
15380913,2016_Pres-R_IA,2016,IA,Pres-P,Pres-R,Loras College,,1/16/16,500,Cruz,25,Trump,26,13,-1,2/1/16,27.64,24.3,3.34,4.34,,0,16
15380915,2016_Pres-R_IA,2016,IA,Pres-P,Pres-R,CNN/Opinion Research Corp.,,1/18/16,266,Cruz,26,Trump,37,14,-11,2/1/16,27.64,24.3,3.34,14.34,,0,14
15380918,2016_Pres-R_IA,2016,IA,Pres-P,Pres-R,Douglas Fulmer & Associates,,1/19/16,687,Cruz,27,Trump,25,11,2,2/1/16,27.64,24.3,3.34,1.34,,1,13
15380919,2016_Pres-R_IA,2016,IA,Pres-P,Pres-R,Emerson College,,1/19/16,271,Cruz,23,Trump,33,14,-10,2/1/16,27.64,24.3,3.34,13.34,,0,13
15380922,2016_Pres-R_IA,2016,IA,Pres-P,Pres-R,Fox News/Anderson Robbins Research/Shaw & Company Research,,1/20/16,378,Cruz,23,Trump,34,12,-11,2/1/16,27.64,24.3,3.34,14.34,,0,12
15380923,2016_Pres-R_IA,2016,IA,Pres-P,Pres-R,YouGov,,1/20/16,492,Cruz,34,Trump,39,13,-5,2/1/16,27.64,24.3,3.34,8.34,,0,12
15380925,2016_Pres-R_IA,2016,IA,Pres-P,Pres-R,Quinnipiac University,,1/21/16,651,Cruz,29,Trump,31,13,-2,2/1/16,27.64,24.3,3.34,5.34,,0,11
15380927,2016_Pres-R_IA,2016,IA,Pres-P,Pres-R,American Research Group,,1/23/16,400,Cruz,26,Trump,33,11,-7,2/1/16,27.64,24.3,3.34,10.34,,0,9
15380930,2016_Pres-R_IA,2016,IA,Pres-P,Pres-R,Marist College,,1/25/16,450,Cruz,25,Trump,32,18,-7,2/1/16,27.64,24.3,3.34,10.34,,0,7
15380931,2016_Pres-R_IA,2016,IA,Pres-P,Pres-R,Monmouth University,,1/25/16,500,Cruz,23,Trump,30,16,-7,2/1/16,27.64,24.3,3.34,10.34,,0,7
15380934,2016_Pres-R_IA,2016,IA,Pres-P,Pres-R,Gravis Marketing,,1/27/16,724,Cruz,27,Trump,31,13,-4,2/1/16,27.64,24.3,3.34,7.34,,0,5
15380935,2016_Pres-R_IA,2016,IA,Pres-P,Pres-R,Public Policy Polling,,1/27/16,780,Cruz,23,Trump,31,14,-8,2/1/16,27.64,24.3,3.34,11.34,,0,5
15380938,2016_Pres-R_IA,2016,IA,Pres-P,Pres-R,Quinnipiac University,,1/28/16,890,Cruz,24,Trump,31,17,-7,2/1/16,27.64,24.3,3.34,10.34,,0,4
15380939,2016_Pres-R_IA,2016,IA,Pres-P,Pres-R,Selzer & Company,,1/28/16,602,Cruz,23,Trump,28,15,-5,2/1/16,27.64,24.3,3.34,8.34,,0,4
15380941,2016_Pres-R_IA,2016,IA,Pres-P,Pres-R,Overtime Politics,,1/29/16,416,Cruz,25,Trump,34,14,-9,2/1/16,27.64,24.3,3.34,12.34,,0,3
15380943,2016_Pres-R_IA,2016,IA,Pres-P,Pres-R,Emerson College,,1/30/16,298,Cruz,26,Trump,27,22,-1,2/1/16,27.64,24.3,3.34,4.34,,0,2
15380944,2016_Pres-R_IA,2016,IA,Pres-P,Pres-R,Opinion Savvy/InsiderAdvantage,,1/30/16,887,Cruz,19.4,Trump,20.1,18.6,-0.7,2/1/16,27.64,24.3,3.34,4.04,,0,2
15380945,2016_Pres-D_NH,2016,NH,Pres-P,Pres-D,University of Massachusetts Lowell,,2/2/16,420,Sanders,58,Clinton,36,,22,2/9/16,60.15,37.67,22.48,0.48,,1,7
15380948,2016_Pres-D_NH,2016,NH,Pres-P,Pres-D,Gravis Marketing,,2/3/16,702,Sanders,58,Clinton,42,,16,2/9/16,60.15,37.67,22.48,6.48,,1,6
15380949,2016_Pres-D_NH,2016,NH,Pres-P,Pres-D,Marist College,,2/3/16,567,Sanders,58,Clinton,38,,20,2/9/16,60.15,37.67,22.48,2.48,,1,6
15380950,2016_Pres-D_NH,2016,NH,Pres-P,Pres-D,MassINC Polling Group,,2/3/16,393,Sanders,54,Clinton,39,0,15,2/9/16,60.15,37.67,22.48,7.48,,1,6
15380951,2016_Pres-D_NH,2016,NH,Pres-P,Pres-D,Suffolk University,,2/3/16,500,Sanders,49.6,Clinton,40.6,,9,2/9/16,60.15,37.67,22.48,13.48,,1,6
15380952,2016_Pres-D_NH,2016,NH,Pres-P,Pres-D,University of Massachusetts Lowell,,2/3/16,434,Sanders,55,Clinton,40,,15,2/9/16,60.15,37.67,22.48,7.48,,1,6
15380953,2016_Pres-D_NH,2016,NH,Pres-P,Pres-D,University of New Hampshire,,2/3/16,305,Sanders,61,Clinton,31,,30,2/9/16,60.15,37.67,22.48,7.52,,1,6
15380959,2016_Pres-D_NH,2016,NH,Pres-P,Pres-D,American Research Group,,2/4/16,409,Sanders,54,Clinton,38,,16,2/9/16,60.15,37.67,22.48,6.48,,1,5
15380960,2016_Pres-D_NH,2016,NH,Pres-P,Pres-D,Franklin Pierce University,,2/4/16,407,Sanders,51,Clinton,44,,7,2/9/16,60.15,37.67,22.48,15.48,,1,5
15380961,2016_Pres-D_NH,2016,NH,Pres-P,Pres-D,University of Massachusetts Lowell,,2/4/16,433,Sanders,55,Clinton,41,,14,2/9/16,60.15,37.67,22.48,8.48,,1,5
15380966,2016_Pres-D_NH,2016,NH,Pres-P,Pres-D,Monmouth University,,2/5/16,502,Sanders,52,Clinton,42,,10,2/9/16,60.15,37.67,22.48,12.48,,1,4
15380967,2016_Pres-D_NH,2016,NH,Pres-P,Pres-D,University of New Hampshire,,2/5/16,406,Sanders,58,Clinton,35,,23,2/9/16,60.15,37.67,22.48,0.52,,1,4
15380970,2016_Pres-D_NH,2016,NH,Pres-P,Pres-D,American Research Group,,2/6/16,408,Sanders,53,Clinton,42,,11,2/9/16,60.15,37.67,22.48,11.48,,1,3
15380971,2016_Pres-D_NH,2016,NH,Pres-P,Pres-D,Emerson College,,2/6/16,783,Sanders,54,Clinton,42,,12,2/9/16,60.15,37.67,22.48,10.48,,1,3
15380972,2016_Pres-D_NH,2016,NH,Pres-P,Pres-D,University of Massachusetts Lowell,,2/6/16,407,Sanders,56,Clinton,40,,16,2/9/16,60.15,37.67,22.48,6.48,,1,3
15380973,2016_Pres-D_NH,2016,NH,Pres-P,Pres-D,University of New Hampshire,,2/6/16,363,Sanders,61,Clinton,35,,26,2/9/16,60.15,37.67,22.48,3.52,,1,3
15380978,2016_Pres-D_NH,2016,NH,Pres-P,Pres-D,Overtime Politics,,2/7/16,395,Sanders,55,Clinton,41,,14,2/9/16,60.15,37.67,22.48,8.48,,1,2
15380981,2016_Pres-D_NH,2016,NH,Pres-P,Pres-D,American Research Group,,2/8/16,409,Sanders,53,Clinton,44,,9,2/9/16,60.15,37.67,22.48,13.48,,1,1
15380946,2016_Pres-R_NH,2016,NH,Pres-P,Pres-R,Harper Polling,,2/2/16,425,Trump,31,Kasich,12,14,19,2/9/16,35.23,15.71,19.52,0.52,,1,7
15380947,2016_Pres-R_NH,2016,NH,Pres-P,Pres-R,University of Massachusetts Lowell,,2/2/16,487,Trump,36,Kasich,7,15,29,2/9/16,35.23,15.71,19.52,9.48,,1,7
15380954,2016_Pres-R_NH,2016,NH,Pres-P,Pres-R,Gravis Marketing,,2/3/16,871,Trump,29,Kasich,13,19,16,2/9/16,35.23,15.71,19.52,3.52,,1,6
15380955,2016_Pres-R_NH,2016,NH,Pres-P,Pres-R,Marist College,,2/3/16,653,Trump,30,Kasich,10,17,20,2/9/16,35.23,15.71,19.52,0.48,,1,6
15380956,2016_Pres-R_NH,2016,NH,Pres-P,Pres-R,MassINC Polling Group,,2/3/16,410,Trump,29,Kasich,9,12,20,2/9/16,35.23,15.71,19.52,0.48,,1,6
15380957,2016_Pres-R_NH,2016,NH,Pres-P,Pres-R,University of Massachusetts Lowell,,2/3/16,500,Trump,34,Kasich,8,15,26,2/9/16,35.23,15.71,19.52,6.48,,1,6
15380958,2016_Pres-R_NH,2016,NH,Pres-P,Pres-R,University of New Hampshire,,2/3/16,287,Trump,28,Kasich,13,17,15,2/9/16,35.23,15.71,19.52,4.52,,1,6
15380962,2016_Pres-R_NH,2016,NH,Pres-P,Pres-R,American Research Group,,2/4/16,420,Trump,36,Kasich,14,15,22,2/9/16,35.23,15.71,19.52,2.48,,1,5
15380963,2016_Pres-R_NH,2016,NH,Pres-P,Pres-R,Franklin Pierce University,,2/4/16,433,Trump,31,Kasich,11,16,20,2/9/16,35.23,15.71,19.52,0.48,,1,5
15380964,2016_Pres-R_NH,2016,NH,Pres-P,Pres-R,Suffolk University,,2/4/16,500,Trump,28.8,Kasich,13,19.4,15.8,2/9/16,35.23,15.71,19.52,3.72,,1,5
15380965,2016_Pres-R_NH,2016,NH,Pres-P,Pres-R,University of Massachusetts Lowell,,2/4/16,501,Trump,35,Kasich,10,14,25,2/9/16,35.23,15.71,19.52,5.48,,1,5
15380968,2016_Pres-R_NH,2016,NH,Pres-P,Pres-R,Monmouth University,,2/5/16,508,Trump,30,Kasich,14,13,16,2/9/16,35.23,15.71,19.52,3.52,,1,4
15380969,2016_Pres-R_NH,2016,NH,Pres-P,Pres-R,University of New Hampshire,,2/5/16,362,Trump,33,Kasich,11,16,22,2/9/16,35.23,15.71,19.52,2.48,,1,4
15380974,2016_Pres-R_NH,2016,NH,Pres-P,Pres-R,American Research Group,,2/6/16,422,Trump,31,Kasich,17,17,14,2/9/16,35.23,15.71,19.52,5.52,,1,3
15380975,2016_Pres-R_NH,2016,NH,Pres-P,Pres-R,Emerson College,,2/6/16,686,Trump,31,Kasich,13,16,18,2/9/16,35.23,15.71,19.52,1.52,,1,3
15380976,2016_Pres-R_NH,2016,NH,Pres-P,Pres-R,University of Massachusetts Lowell,,2/6/16,464,Trump,34,Kasich,10,13,24,2/9/16,35.23,15.71,19.52,4.48,,1,3
15380977,2016_Pres-R_NH,2016,NH,Pres-P,Pres-R,University of New Hampshire,,2/6/16,362,Trump,31,Kasich,10,17,21,2/9/16,35.23,15.71,19.52,1.48,,1,3
15380979,2016_Pres-R_NH,2016,NH,Pres-P,Pres-R,Gravis Marketing,,2/7/16,705,Trump,28,Kasich,17,15,11,2/9/16,35.23,15.71,19.52,8.52,,1,2
15380980,2016_Pres-R_NH,2016,NH,Pres-P,Pres-R,Overtime Politics,,2/7/16,401,Trump,29,Kasich,14,18,15,2/9/16,35.23,15.71,19.52,4.52,,1,2
15380982,2016_Pres-R_NH,2016,NH,Pres-P,Pres-R,American Research Group,,2/8/16,418,Trump,33,Kasich,17,14,16,2/9/16,35.23,15.71,19.52,3.52,,1,1
15380983,2016_Pres-D_NV,2016,NV,Pres-P,Pres-D,TargetPoint,,2/9/16,1236,Clinton,45,Sanders,45,,0,2/20/16,52.64,47.29,5.35,5.35,,0.5,11
15380995,2016_Pres-D_NV,2016,NV,Pres-P,Pres-D,CNN/Opinion Research Corp.,,2/13/16,282,Clinton,48,Sanders,47,,1,2/20/16,52.64,47.29,5.35,4.35,,1,7
15381009,2016_Pres-D_NV,2016,NV,Pres-P,Pres-D,Gravis Marketing,,2/15/16,516,Clinton,53,Sanders,47,,6,2/20/16,52.64,47.29,5.35,0.65,,1,5
15381037,2016_Pres-D_NV,2016,NV,Pres-P,Pres-D,Overtime Politics,,2/18/16,305,Clinton,47,Sanders,49,,-2,2/20/16,52.64,47.29,5.35,7.35,,0,2
15380990,2016_Pres-R_SC,2016,SC,Pres-P,Pres-R,Opinion Savvy/InsiderAdvantage,,2/11/16,779,Trump,36,Rubio,15,20,21,2/20/16,32.39,22.4,9.99,11.01,,1,9
15380991,2016_Pres-R_SC,2016,SC,Pres-P,Pres-R,YouGov,,2/11/16,744,Trump,42,Rubio,15,20,27,2/20/16,32.39,22.4,9.99,17.01,,1,9
15380993,2016_Pres-R_SC,2016,SC,Pres-P,Pres-R,Gravis Marketing,,2/12/16,1281,Trump,37,Rubio,19,23,18,2/20/16,32.39,22.4,9.99,8.01,,1,8
15380994,2016_Pres-R_SC,2016,SC,Pres-P,Pres-R,Trafalgar Group,,2/12/16,1200,Trump,34.5,Rubio,12.5,15.5,22,2/20/16,32.39,22.4,9.99,12.01,,1,8
15381000,2016_Pres-R_SC,2016,SC,Pres-P,Pres-R,American Research Group,,2/13/16,400,Trump,35,Rubio,14,15,21,2/20/16,32.39,22.4,9.99,11.01,,1,7
15381001,2016_Pres-R_SC,2016,SC,Pres-P,Pres-R,CNN/Opinion Research Corp.,,2/13/16,404,Trump,38,Rubio,14,22,24,2/20/16,32.39,22.4,9.99,14.01,,1,7
15381003,2016_Pres-R_SC,2016,SC,Pres-P,Pres-R,Trafalgar Group,,2/14/16,1300,Trump,32.65,Rubio,14.02,13.94,18.63,2/20/16,32.39,22.4,9.99,8.64,,1,6
15381020,2016_Pres-R_SC,2016,SC,Pres-P,Pres-R,American Research Group,,2/15/16,400,Trump,33,Rubio,16,14,17,2/20/16,32.39,22.4,9.99,7.01,,1,5
15381021,2016_Pres-R_SC,2016,SC,Pres-P,Pres-R,Monmouth University,,2/15/16,400,Trump,35,Rubio,17,19,18,2/20/16,32.39,22.4,9.99,8.01,,1,5
15381022,2016_Pres-R_SC,2016,SC,Pres-P,Pres-R,Public Policy Polling,,2/15/16,897,Trump,35,Rubio,18,18,17,2/20/16,32.39,22.4,9.99,7.01,,1,5
15381023,2016_Pres-R_SC,2016,SC,Pres-P,Pres-R,Trafalgar Group,,2/15/16,1700,Trump,33.57,Rubio,14.83,15.54,18.74,2/20/16,32.39,22.4,9.99,8.75,,1,5
15381027,2016_Pres-R_SC,2016,SC,Pres-P,Pres-R,Emerson College,,2/16/16,375,Trump,33,Rubio,19,20,14,2/20/16,32.39,22.4,9.99,4.01,,1,4
15381028,2016_Pres-R_SC,2016,SC,Pres-P,Pres-R,Fox News/Anderson Robbins Research/Shaw & Company Research,,2/16/16,759,Trump,32,Rubio,15,19,17,2/20/16,32.39,22.4,9.99,7.01,,1,4
15381029,2016_Pres-R_SC,2016,SC,Pres-P,Pres-R,Marist College,,2/16/16,722,Trump,28,Rubio,15,23,13,2/20/16,32.39,22.4,9.99,3.01,,1,4
15381030,2016_Pres-R_SC,2016,SC,Pres-P,Pres-R,Trafalgar Group,,2/16/16,2400,Trump,34.74,Rubio,15.82,15.82,18.92,2/20/16,32.39,22.4,9.99,8.93,,1,4
15381033,2016_Pres-R_SC,2016,SC,Pres-P,Pres-R,Emerson College,,2/17/16,418,Trump,36,Rubio,19,18,17,2/20/16,32.39,22.4,9.99,7.01,,1,3
15381034,2016_Pres-R_SC,2016,SC,Pres-P,Pres-R,Harper Polling,,2/17/16,599,Trump,29,Rubio,15,17,14,2/20/16,32.39,22.4,9.99,4.01,,1,3
15381035,2016_Pres-R_SC,2016,SC,Pres-P,Pres-R,Trafalgar Group,,2/17/16,5800,Trump,34.12,Rubio,15.59,17.52,18.53,2/20/16,32.39,22.4,9.99,8.54,,1,3
15381039,2016_Pres-R_SC,2016,SC,Pres-P,Pres-R,American Research Group,,2/18/16,401,Trump,34,Rubio,22,14,12,2/20/16,32.39,22.4,9.99,2.01,,1,2
15381040,2016_Pres-R_SC,2016,SC,Pres-P,Pres-R,Overtime Politics,,2/18/16,425,Trump,31,Rubio,25,18,6,2/20/16,32.39,22.4,9.99,3.99,,1,2
15380999,2016_Pres-R_NV,2016,NV,Pres-P,Pres-R,CNN/Opinion Research Corp.,,2/13/16,245,Trump,45,Rubio,19,17,26,2/23/16,45.91,23.85,22.06,3.94,,1,10
15381019,2016_Pres-R_NV,2016,NV,Pres-P,Pres-R,Gravis Marketing,,2/15/16,687,Trump,39,Rubio,19,23,20,2/23/16,45.91,23.85,22.06,2.06,,1,8
15380989,2016_Pres-D_SC,2016,SC,Pres-P,Pres-D,YouGov,,2/11/16,404,Clinton,59,Sanders,40,,19,2/27/16,73.44,26.02,47.42,28.42,,1,16
15380992,2016_Pres-D_SC,2016,SC,Pres-P,Pres-D,Gravis Marketing,,2/12/16,507,Clinton,59,Sanders,41,,18,2/27/16,73.44,26.02,47.42,29.42,,1,15
15380996,2016_Pres-D_SC,2016,SC,Pres-P,Pres-D,American Research Group,,2/13/16,400,Clinton,65,Sanders,27,,38,2/27/16,73.44,26.02,47.42,9.42,,1,14
15380997,2016_Pres-D_SC,2016,SC,Pres-P,Pres-D,CNN/Opinion Research Corp.,,2/13/16,280,Clinton,56,Sanders,38,,18,2/27/16,73.44,26.02,47.42,29.42,,1,14
15381011,2016_Pres-D_SC,2016,SC,Pres-P,Pres-D,American Research Group,,2/15/16,400,Clinton,61,Sanders,31,,30,2/27/16,73.44,26.02,47.42,17.42,,1,12
15381012,2016_Pres-D_SC,2016,SC,Pres-P,Pres-D,Monmouth University,,2/15/16,403,Clinton,59,Sanders,30,,29,2/27/16,73.44,26.02,47.42,18.42,,1,12
15381013,2016_Pres-D_SC,2016,SC,Pres-P,Pres-D,Public Policy Polling,,2/15/16,525,Clinton,55,Sanders,34,,21,2/27/16,73.44,26.02,47.42,26.42,,1,12
15381014,2016_Pres-D_SC,2016,SC,Pres-P,Pres-D,Selzer & Company,,2/15/16,403,Clinton,53,Sanders,31,,22,2/27/16,73.44,26.02,47.42,25.42,,1,12
15381024,2016_Pres-D_SC,2016,SC,Pres-P,Pres-D,Fox News/Anderson Robbins Research/Shaw & Company Research,,2/16/16,642,Clinton,56,Sanders,28,,28,2/27/16,73.44,26.02,47.42,19.42,,1,11
15381025,2016_Pres-D_SC,2016,SC,Pres-P,Pres-D,Marist College,,2/16/16,425,Clinton,60,Sanders,32,,28,2/27/16,73.44,26.02,47.42,19.42,,1,11
15381038,2016_Pres-D_SC,2016,SC,Pres-P,Pres-D,American Research Group,,2/18/16,400,Clinton,61,Sanders,32,,29,2/27/16,73.44,26.02,47.42,18.42,,1,9
15381055,2016_Pres-D_SC,2016,SC,Pres-P,Pres-D,Overtime Politics,,2/22/16,410,Clinton,63,Sanders,34,,29,2/27/16,73.44,26.02,47.42,18.42,,1,5
15381071,2016_Pres-D_SC,2016,SC,Pres-P,Pres-D,Clemson University,,2/23/16,650,Clinton,64,Sanders,14,,50,2/27/16,73.44,26.02,47.42,2.58,,1,4
15381072,2016_Pres-D_SC,2016,SC,Pres-P,Pres-D,Emerson College,,2/23/16,266,Clinton,60.1,Sanders,36.5,,23.6,2/27/16,73.44,26.02,47.42,23.82,,1,4
15381059,2016_Pres-R_AK,2016,AK,Pres-P,Pres-R,Overtime Politics,,2/22/16,318,Cruz,27,Trump,41,15,-14,3/1/16,36.38,33.64,2.74,16.74,,0,8
15381004,2016_Pres-D_AL,2016,AL,Pres-P,Pres-D,Public Policy Polling,,2/15/16,500,Clinton,59,Sanders,31,,28,3/1/16,77.88,19.17,58.71,30.71,,1,15
15381123,2016_Pres-D_AL,2016,AL,Pres-P,Pres-D,Monmouth University,,2/27/16,300,Clinton,71,Sanders,23,,48,3/1/16,77.88,19.17,58.71,10.71,,1,3
15380986,2016_Pres-R_AL,2016,AL,Pres-P,Pres-R,Master Image,,2/10/16,1840,Trump,36,Cruz,13,11,23,3/1/16,43.42,21.09,22.33,0.67,,1,20
15381093,2016_Pres-R_AL,2016,AL,Pres-P,Pres-R,Master Image,,2/24/16,1556,Trump,36,Cruz,12,19,24,3/1/16,43.42,21.09,22.33,1.67,,1,6
15381115,2016_Pres-R_AL,2016,AL,Pres-P,Pres-R,Opinion Savvy/InsiderAdvantage,,2/26/16,460,Trump,35.8,Cruz,16.2,23,19.6,3/1/16,43.42,21.09,22.33,2.73,,1,4
15381116,2016_Pres-R_AL,2016,AL,Pres-P,Pres-R,SurveyMonkey,,2/26/16,741,Trump,47,Cruz,18,14,29,3/1/16,43.42,21.09,22.33,6.67,,1,4
15381128,2016_Pres-R_AL,2016,AL,Pres-P,Pres-R,Monmouth University,,2/27/16,450,Trump,42,Cruz,16,19,26,3/1/16,43.42,21.09,22.33,3.67,,1,3
15381005,2016_Pres-D_AR,2016,AR,Pres-P,Pres-D,Public Policy Polling,,2/15/16,525,Clinton,57,Sanders,32,,25,3/1/16,66.08,29.97,36.11,11.11,,1,15
15381117,2016_Pres-R_AR,2016,AR,Pres-P,Pres-R,SurveyMonkey,,2/26/16,542,Trump,34,Cruz,27,20,7,3/1/16,32.79,30.5,2.29,4.71,,1,4
15381032,2016_Pres-D_CO,2016,CO,Pres-P,Pres-D,TargetPoint,,2/17/16,1144,Sanders,49,Clinton,44,,5,3/1/16,59.01,40.33,18.68,13.68,,1,13
15381006,2016_Pres-D_GA,2016,GA,Pres-P,Pres-D,Public Policy Polling,,2/15/16,500,Clinton,60,Sanders,26,,34,3/1/16,71.3,28.2,43.1,9.1,,1,15
15381047,2016_Pres-D_GA,2016,GA,Pres-P,Pres-D,Landmark Communications,,2/21/16,700,Clinton,72,Sanders,19.8,,52.2,3/1/16,71.3,28.2,43.1,9.1,,1,9
15381048,2016_Pres-D_GA,2016,GA,Pres-P,Pres-D,Marist College,,2/21/16,461,Clinton,64,Sanders,30,,34,3/1/16,71.3,28.2,43.1,9.1,,1,9
15381066,2016_Pres-D_GA,2016,GA,Pres-P,Pres-D,Opinion Savvy/InsiderAdvantage,,2/23/16,491,Clinton,57,Sanders,29,,28,3/1/16,71.3,28.2,43.1,15.1,,1,7
15381067,2016_Pres-D_GA,2016,GA,Pres-P,Pres-D,ResearchNow,,2/23/16,400,Clinton,62,Sanders,29,,33,3/1/16,71.3,28.2,43.1,10.1,,1,7
15381068,2016_Pres-D_GA,2016,GA,Pres-P,Pres-D,SurveyUSA,,2/23/16,501,Clinton,66,Sanders,27,,39,3/1/16,71.3,28.2,43.1,4.1,,1,7
15381086,2016_Pres-D_GA,2016,GA,Pres-P,Pres-D,YouGov,,2/24/16,492,Clinton,63,Sanders,35,,28,3/1/16,71.3,28.2,43.1,15.1,,1,6
15381110,2016_Pres-D_GA,2016,GA,Pres-P,Pres-D,SurveyMonkey,,2/26/16,961,Clinton,59,Sanders,36,,23,3/1/16,71.3,28.2,43.1,20.1,,1,4
15381134,2016_Pres-D_GA,2016,GA,Pres-P,Pres-D,Landmark Communications,,2/28/16,800,Clinton,70.1,Sanders,23,,47.1,3/1/16,71.3,28.2,43.1,4,,1,2
15381050,2016_Pres-R_GA,2016,GA,Pres-P,Pres-R,Landmark Communications,,2/21/16,500,Trump,31.7,Rubio,22.7,18.7,9,3/1/16,38.81,24.45,14.36,5.36,,1,9
15381051,2016_Pres-R_GA,2016,GA,Pres-P,Pres-R,Marist College,,2/21/16,543,Trump,30,Rubio,23,23,7,3/1/16,38.81,24.45,14.36,7.36,,1,9
15381076,2016_Pres-R_GA,2016,GA,Pres-P,Pres-R,Opinion Savvy/InsiderAdvantage,,2/23/16,745,Trump,34,Rubio,22,20,12,3/1/16,38.81,24.45,14.36,2.36,,1,7
15381077,2016_Pres-R_GA,2016,GA,Pres-P,Pres-R,ResearchNow,,2/23/16,400,Trump,41.25,Rubio,18.25,15.25,23,3/1/16,38.81,24.45,14.36,8.64,,1,7
15381078,2016_Pres-R_GA,2016,GA,Pres-P,Pres-R,SurveyUSA,,2/23/16,684,Trump,45,Rubio,19,16,26,3/1/16,38.81,24.45,14.36,11.64,,1,7
15381096,2016_Pres-R_GA,2016,GA,Pres-P,Pres-R,YouGov,,2/24/16,493,Trump,40,Rubio,22,29,18,3/1/16,38.81,24.45,14.36,3.64,,1,6
15381118,2016_Pres-R_GA,2016,GA,Pres-P,Pres-R,SurveyMonkey,,2/26/16,1171,Trump,39,Rubio,20,21,19,3/1/16,38.81,24.45,14.36,4.64,,1,4
15381129,2016_Pres-R_GA,2016,GA,Pres-P,Pres-R,Trafalgar Group,,2/27/16,1350,Trump,38.6,Rubio,23.54,20.74,15.06,3/1/16,38.81,24.45,14.36,0.7,,1,3
15381135,2016_Pres-R_GA,2016,GA,Pres-P,Pres-R,Landmark Communications,,2/28/16,1400,Trump,38.9,Rubio,20,15.1,18.9,3/1/16,38.81,24.45,14.36,4.54,,1,2
15381136,2016_Pres-R_GA,2016,GA,Pres-P,Pres-R,Opinion Savvy/InsiderAdvantage,,2/28/16,710,Trump,33,Rubio,23,23,10,3/1/16,38.81,24.45,14.36,4.36,,1,2
15380984,2016_Pres-D_MA,2016,MA,Pres-P,Pres-D,Overtime Politics,,2/10/16,417,Clinton,50,Sanders,44,,6,3/1/16,49.9,48.5,1.4,4.6,,1,20
15381008,2016_Pres-D_MA,2016,MA,Pres-P,Pres-D,Public Policy Polling,,2/15/16,538,Clinton,42,Sanders,49,,-7,3/1/16,49.9,48.5,1.4,8.4,,0,15
15381041,2016_Pres-D_MA,2016,MA,Pres-P,Pres-D,Emerson College,,2/20/16,417,Clinton,46,Sanders,46,,0,3/1/16,49.9,48.5,1.4,1.4,,0.5,10
15381053,2016_Pres-D_MA,2016,MA,Pres-P,Pres-D,MassINC Polling Group,,2/22/16,418,Clinton,49,Sanders,44,,5,3/1/16,49.9,48.5,1.4,3.6,,1,8
15381054,2016_Pres-D_MA,2016,MA,Pres-P,Pres-D,YouGov,,2/22/16,400,Clinton,47,Sanders,44,,3,3/1/16,49.9,48.5,1.4,1.6,,1,8
15381111,2016_Pres-D_MA,2016,MA,Pres-P,Pres-D,Suffolk University,,2/26/16,500,Clinton,50,Sanders,42,,8,3/1/16,49.9,48.5,1.4,6.6,,1,4
15381112,2016_Pres-D_MA,2016,MA,Pres-P,Pres-D,SurveyMonkey,,2/26/16,1224,Clinton,48,Sanders,46,,2,3/1/16,49.9,48.5,1.4,0.6,,1,4
15381124,2016_Pres-D_MA,2016,MA,Pres-P,Pres-D,Emerson College,,2/27/16,670,Clinton,53.9,Sanders,42.8,,11.1,3/1/16,49.9,48.5,1.4,9.7,,1,3
15380987,2016_Pres-R_MA,2016,MA,Pres-P,Pres-R,Overtime Politics,,2/10/16,403,Trump,43,Kasich,9,12,34,3/1/16,49.1,17.99,31.11,2.89,,1,20
15381044,2016_Pres-R_MA,2016,MA,Pres-P,Pres-R,Emerson College,,2/20/16,289,Trump,50,Kasich,13,16,37,3/1/16,49.1,17.99,31.11,5.89,,1,10
15381060,2016_Pres-R_MA,2016,MA,Pres-P,Pres-R,MassINC Polling Group,,2/22/16,386,Trump,40,Kasich,19,19,21,3/1/16,49.1,17.99,31.11,10.11,,1,8
15381061,2016_Pres-R_MA,2016,MA,Pres-P,Pres-R,YouGov,,2/22/16,292,Trump,47,Kasich,11,15,36,3/1/16,49.1,17.99,31.11,4.89,,1,8
15381108,2016_Pres-R_MA,2016,MA,Pres-P,Pres-R,Suffolk University,,2/25/16,500,Trump,43,Kasich,17,20,26,3/1/16,49.1,17.99,31.11,5.11,,1,5
15381130,2016_Pres-R_MA,2016,MA,Pres-P,Pres-R,Emerson College,,2/27/16,408,Trump,51.4,Kasich,14.3,19.5,37.1,3/1/16,49.1,17.99,31.11,5.99,,1,3
15381082,2016_Pres-R_OK,2016,OK,Pres-P,Pres-R,Cole Hargrave Snodgrass & Associates,,2/23/16,400,Cruz,20,Trump,29,21,-9,3/1/16,34.37,28.32,6.05,15.05,,0,7
15381099,2016_Pres-R_OK,2016,OK,Pres-P,Pres-R,SoonerPoll.com,,2/24/16,540,Cruz,18,Trump,34,21,-16,3/1/16,34.37,28.32,6.05,22.05,,0,6
15381119,2016_Pres-R_OK,2016,OK,Pres-P,Pres-R,SurveyMonkey,,2/26/16,636,Cruz,19,Trump,34,19,-15,3/1/16,34.37,28.32,6.05,21.05,,0,4
15381131,2016_Pres-R_OK,2016,OK,Pres-P,Pres-R,Monmouth University,,2/27/16,403,Cruz,23,Trump,35,22,-12,3/1/16,34.37,28.32,6.05,18.05,,0,3
15381010,2016_Pres-D_OK,2016,OK,Pres-P,Pres-D,Public Policy Polling,,2/15/16,542,Sanders,44,Clinton,46,,-2,3/1/16,51.88,41.52,10.36,12.36,,0,15
15381088,2016_Pres-D_OK,2016,OK,Pres-P,Pres-D,SoonerPoll.com,,2/24/16,510,Sanders,31,Clinton,40,,-9,3/1/16,51.88,41.52,10.36,19.36,,0,6
15381125,2016_Pres-D_OK,2016,OK,Pres-P,Pres-D,Monmouth University,,2/27/16,300,Sanders,48,Clinton,43,,5,3/1/16,51.88,41.52,10.36,5.36,,1,3
15381015,2016_Pres-D_TN,2016,TN,Pres-P,Pres-D,Public Policy Polling,,2/15/16,500,Clinton,58,Sanders,32,,26,3/1/16,66.07,32.45,33.62,7.62,,1,15
15381089,2016_Pres-D_TN,2016,TN,Pres-P,Pres-D,Marist College,,2/24/16,405,Clinton,60,Sanders,34,,26,3/1/16,66.07,32.45,33.62,7.62,,1,6
15381113,2016_Pres-D_TN,2016,TN,Pres-P,Pres-D,SurveyMonkey,,2/26/16,533,Clinton,54,Sanders,37,,17,3/1/16,66.07,32.45,33.62,16.62,,1,4
15381100,2016_Pres-R_TN,2016,TN,Pres-P,Pres-R,Marist College,,2/24/16,665,Trump,40,Cruz,22,19,18,3/1/16,38.94,24.71,14.23,3.77,,1,6
15381120,2016_Pres-R_TN,2016,TN,Pres-P,Pres-R,SurveyMonkey,,2/26/16,772,Trump,48,Cruz,15,18,33,3/1/16,38.94,24.71,14.23,18.77,,1,4
15381016,2016_Pres-D_TX,2016,TX,Pres-P,Pres-D,Public Policy Polling,,2/15/16,514,Clinton,57,Sanders,34,,23,3/1/16,65.19,33.19,32,9,,1,15
15381026,2016_Pres-D_TX,2016,TX,Pres-P,Pres-D,YouGov,,2/16/16,324,Clinton,54,Sanders,44,1,10,3/1/16,65.19,33.19,32,22,,1,14
15381049,2016_Pres-D_TX,2016,TX,Pres-P,Pres-D,Marist College,,2/21/16,381,Clinton,59,Sanders,38,,21,3/1/16,65.19,33.19,32,11,,1,9
15381056,2016_Pres-D_TX,2016,TX,Pres-P,Pres-D,Dixie Strategies,,2/22/16,625,Clinton,60.71,Sanders,29.26,,31.45,3/1/16,65.19,33.19,32,0.55,,1,8
15381057,2016_Pres-D_TX,2016,TX,Pres-P,Pres-D,Emerson College,,2/22/16,328,Clinton,56,Sanders,40,,16,3/1/16,65.19,33.19,32,16,,1,8
15381058,2016_Pres-D_TX,2016,TX,Pres-P,Pres-D,SurveyUSA,,2/22/16,569,Clinton,61,Sanders,32,,29,3/1/16,65.19,33.19,32,3,,1,8
15381073,2016_Pres-D_TX,2016,TX,Pres-P,Pres-D,Monmouth University,,2/23/16,304,Clinton,64,Sanders,30,,34,3/1/16,65.19,33.19,32,2,,1,7
15381090,2016_Pres-D_TX,2016,TX,Pres-P,Pres-D,Crosswind Media & Public Relations,,2/24/16,411,Clinton,66,Sanders,26,,40,3/1/16,65.19,33.19,32,8,,1,6
15381091,2016_Pres-D_TX,2016,TX,Pres-P,Pres-D,YouGov,,2/24/16,750,Clinton,61,Sanders,37,,24,3/1/16,65.19,33.19,32,8,,1,6
15381126,2016_Pres-D_TX,2016,TX,Pres-P,Pres-D,American Research Group,,2/27/16,400,Clinton,58,Sanders,38,,20,3/1/16,65.19,33.19,32,12,,1,3
15381127,2016_Pres-D_TX,2016,TX,Pres-P,Pres-D,Emerson College,,2/27/16,275,Clinton,67.7,Sanders,26.3,,41.4,3/1/16,65.19,33.19,32,9.4,,1,3
15381031,2016_Pres-R_TX,2016,TX,Pres-P,Pres-R,YouGov,,2/16/16,407,Cruz,37,Trump,29,15,8,3/1/16,43.76,26.75,17.01,9.01,,1,14
15381036,2016_Pres-R_TX,2016,TX,Pres-P,Pres-R,University of Houston,,2/17/16,415,Cruz,35,Trump,20,8,15,3/1/16,43.76,26.75,17.01,2.01,,1,13
15381052,2016_Pres-R_TX,2016,TX,Pres-P,Pres-R,Marist College,,2/21/16,537,Cruz,39,Trump,26,16,13,3/1/16,43.76,26.75,17.01,4.01,,1,9
15381062,2016_Pres-R_TX,2016,TX,Pres-P,Pres-R,Dixie Strategies,,2/22/16,725,Cruz,33.24,Trump,24.83,14.76,8.41,3/1/16,43.76,26.75,17.01,8.6,,1,8
15381063,2016_Pres-R_TX,2016,TX,Pres-P,Pres-R,Emerson College,,2/22/16,446,Cruz,29,Trump,28,25,1,3/1/16,43.76,26.75,17.01,16.01,,1,8
15381064,2016_Pres-R_TX,2016,TX,Pres-P,Pres-R,SurveyUSA,,2/22/16,645,Cruz,32,Trump,32,17,0,3/1/16,43.76,26.75,17.01,17.01,,0.5,8
15381083,2016_Pres-R_TX,2016,TX,Pres-P,Pres-R,Monmouth University,,2/23/16,456,Cruz,38,Trump,23,21,15,3/1/16,43.76,26.75,17.01,2.01,,1,7
15381101,2016_Pres-R_TX,2016,TX,Pres-P,Pres-R,Crosswind Media & Public Relations,,2/24/16,620,Cruz,38,Trump,26,13,12,3/1/16,43.76,26.75,17.01,5.01,,1,6
15381102,2016_Pres-R_TX,2016,TX,Pres-P,Pres-R,YouGov,,2/24/16,796,Cruz,42,Trump,31,19,11,3/1/16,43.76,26.75,17.01,6.01,,1,6
15381121,2016_Pres-R_TX,2016,TX,Pres-P,Pres-R,SurveyMonkey,,2/26/16,613,Cruz,33,Trump,31,19,2,3/1/16,43.76,26.75,17.01,15.01,,1,4
15381132,2016_Pres-R_TX,2016,TX,Pres-P,Pres-R,American Research Group,,2/27/16,400,Cruz,33,Trump,32,17,1,3/1/16,43.76,26.75,17.01,16.01,,1,3
15381133,2016_Pres-R_TX,2016,TX,Pres-P,Pres-R,Emerson College,,2/27/16,449,Cruz,35.4,Trump,31.7,16.3,3.7,3/1/16,43.76,26.75,17.01,13.31,,1,3
15381138,2016_Pres-R_TX,2016,TX,Pres-P,Pres-R,Opinion Savvy/InsiderAdvantage,,2/28/16,712,Cruz,36,Trump,25,19,11,3/1/16,43.76,26.75,17.01,6.01,,1,2
15380998,2016_Pres-D_VA,2016,VA,Pres-P,Pres-D,Overtime Politics,,2/13/16,431,Clinton,49,Sanders,46,,3,3/1/16,64.29,35.2,29.09,26.09,,1,17
15381017,2016_Pres-D_VA,2016,VA,Pres-P,Pres-D,Public Policy Polling,,2/15/16,500,Clinton,56,Sanders,34,,22,3/1/16,64.29,35.2,29.09,7.09,,1,15
15381043,2016_Pres-D_VA,2016,VA,Pres-P,Pres-D,Roanoke College,,2/20/16,415,Clinton,50,Sanders,33,,17,3/1/16,64.29,35.2,29.09,12.09,,1,10
15381074,2016_Pres-D_VA,2016,VA,Pres-P,Pres-D,Monmouth University,,2/23/16,302,Clinton,60,Sanders,33,,27,3/1/16,64.29,35.2,29.09,2.09,,1,7
15381092,2016_Pres-D_VA,2016,VA,Pres-P,Pres-D,YouGov,,2/24/16,481,Clinton,59,Sanders,39,,20,3/1/16,64.29,35.2,29.09,9.09,,1,6
15381114,2016_Pres-D_VA,2016,VA,Pres-P,Pres-D,SurveyMonkey,,2/26/16,908,Clinton,57,Sanders,36,,21,3/1/16,64.29,35.2,29.09,8.09,,1,4
15381002,2016_Pres-R_VA,2016,VA,Pres-P,Pres-R,Overtime Politics,,2/13/16,425,Trump,33,Rubio,19,14,14,3/1/16,34.8,31.98,2.82,11.18,,1,17
15381046,2016_Pres-R_VA,2016,VA,Pres-P,Pres-R,Roanoke College,,2/20/16,466,Trump,38,Rubio,13,15,25,3/1/16,34.8,31.98,2.82,22.18,,1,10
15381084,2016_Pres-R_VA,2016,VA,Pres-P,Pres-R,Monmouth University,,2/23/16,421,Trump,41,Rubio,27,14,14,3/1/16,34.8,31.98,2.82,11.18,,1,7
15381103,2016_Pres-R_VA,2016,VA,Pres-P,Pres-R,YouGov,,2/24/16,481,Trump,40,Rubio,27,22,13,3/1/16,34.8,31.98,2.82,10.18,,1,6
15381122,2016_Pres-R_VA,2016,VA,Pres-P,Pres-R,SurveyMonkey,,2/26/16,848,Trump,36,Rubio,26,13,10,3/1/16,34.8,31.98,2.82,7.18,,1,4
15380985,2016_Pres-D_VT,2016,VT,Pres-P,Pres-D,Castleton University,,2/10/16,344,Sanders,77.9,Clinton,12.8,,65.1,3/1/16,85.95,13.6,72.35,7.25,,1,20
15381018,2016_Pres-D_VT,2016,VT,Pres-P,Pres-D,Public Policy Polling,,2/15/16,693,Sanders,86,Clinton,10,,76,3/1/16,85.95,13.6,72.35,3.65,,1,15
15380988,2016_Pres-R_VT,2016,VT,Pres-P,Pres-R,Castleton University,,2/10/16,115,Trump,33.2,Kasich,14.1,14.6,19.1,3/1/16,32.52,30.17,2.35,16.75,,1,20
15381079,2016_Pres-R_KS,2016,KS,Pres-P,Pres-R,Fort Hays State University,,2/23/16,212,Cruz,14,Trump,26,13,-12,3/5/16,47.5,23.35,24.15,36.15,,0,11
15381153,2016_Pres-R_KS,2016,KS,Pres-P,Pres-R,Trafalgar Group,,3/3/16,1060,Cruz,29.31,Trump,35.18,16.56,-5.87,3/5/16,47.5,23.35,24.15,30.02,,0,2
15381069,2016_Pres-D_KS,2016,KS,Pres-P,Pres-D,Fort Hays State University,,2/23/16,123,Sanders,23,Clinton,33,,-10,3/5/16,67.75,32.25,35.5,45.5,,0,11
15381098,2016_Pres-R_KY,2016,KY,Pres-P,Pres-R,Western Kentucky University,,2/24/16,532,Trump,35,Cruz,15,22,20,3/5/16,35.92,31.57,4.35,15.65,,1,10
15381007,2016_Pres-D_LA,2016,LA,Pres-P,Pres-D,Public Policy Polling,,2/15/16,548,Clinton,60,Sanders,29,,31,3/5/16,71.12,23.18,47.94,16.94,,1,19
15381141,2016_Pres-D_LA,2016,LA,Pres-P,Pres-D,Magellan Strategies,,3/1/16,865,Clinton,61,Sanders,14,,47,3/5/16,71.12,23.18,47.94,0.94,,1,4
15381144,2016_Pres-R_LA,2016,LA,Pres-P,Pres-R,Magellan Strategies,,3/1/16,609,Trump,41,Cruz,21,15,20,3/5/16,41.45,37.83,3.62,16.38,,1,4
15381147,2016_Pres-R_LA,2016,LA,Pres-P,Pres-R,Trafalgar Group,,3/2/16,1509,Trump,44,Cruz,26,15,18,3/5/16,41.45,37.83,3.62,14.38,,1,3
15381148,2016_Pres-R_LA,2016,LA,Pres-P,Pres-R,University of New Orleans,,3/2/16,1874,Trump,38,Cruz,26,11,12,3/5/16,41.45,37.83,3.62,8.38,,1,3
15381154,2016_Pres-R_LA,2016,LA,Pres-P,Pres-R,Gravis Marketing,,3/3/16,1356,Trump,48,Cruz,31,15,17,3/5/16,41.45,37.83,3.62,13.38,,1,2
15381042,2016_Pres-D_MI,2016,MI,Pres-P,Pres-D,American Research Group,,2/20/16,400,Sanders,40,Clinton,53,,-13,3/8/16,49.68,48.26,1.42,14.42,,0,17
15381070,2016_Pres-D_MI,2016,MI,Pres-P,Pres-D,Mitchell Research & Communications,,2/23/16,344,Sanders,31,Clinton,65,,-34,3/8/16,49.68,48.26,1.42,35.42,,0,14
15381106,2016_Pres-D_MI,2016,MI,Pres-P,Pres-D,Marketing Resource Group (MRG),,2/25/16,218,Sanders,36,Clinton,56,,-20,3/8/16,49.68,48.26,1.42,21.42,,0,12
15381142,2016_Pres-D_MI,2016,MI,Pres-P,Pres-D,Mitchell Research & Communications,,3/1/16,427,Sanders,33,Clinton,61,,-28,3/8/16,49.68,48.26,1.42,29.42,,0,7
15381146,2016_Pres-D_MI,2016,MI,Pres-P,Pres-D,Marist College,,3/2/16,546,Sanders,40,Clinton,57,,-17,3/8/16,49.68,48.26,1.42,18.42,,0,6
15381151,2016_Pres-D_MI,2016,MI,Pres-P,Pres-D,Mitchell Research & Communications,,3/3/16,616,Sanders,37,Clinton,55,,-18,3/8/16,49.68,48.26,1.42,19.42,,0,5
15381152,2016_Pres-D_MI,2016,MI,Pres-P,Pres-D,YouGov,,3/3/16,597,Sanders,44,Clinton,55,,-11,3/8/16,49.68,48.26,1.42,12.42,,0,5
15381167,2016_Pres-D_MI,2016,MI,Pres-P,Pres-D,American Research Group,,3/5/16,400,Sanders,36,Clinton,60,,-24,3/8/16,49.68,48.26,1.42,25.42,,0,3
15381168,2016_Pres-D_MI,2016,MI,Pres-P,Pres-D,Monmouth University,,3/5/16,302,Sanders,42,Clinton,55,,-13,3/8/16,49.68,48.26,1.42,14.42,,0,3
15381181,2016_Pres-D_MI,2016,MI,Pres-P,Pres-D,Mitchell Research & Communications,,3/6/16,475,Sanders,29,Clinton,66,,-37,3/8/16,49.68,48.26,1.42,38.42,,0,2
15381189,2016_Pres-D_MI,2016,MI,Pres-P,Pres-D,Mitchell Research & Communications,,3/7/16,482,Sanders,34,Clinton,61,,-27,3/8/16,49.68,48.26,1.42,28.42,,0,1
15381045,2016_Pres-R_MI,2016,MI,Pres-P,Pres-R,American Research Group,,2/20/16,400,Trump,35,Cruz,12,17,23,3/8/16,36.47,24.85,11.62,11.38,,1,17
15381080,2016_Pres-R_MI,2016,MI,Pres-P,Pres-R,Mitchell Research & Communications,,2/23/16,459,Trump,41,Cruz,16,19,25,3/8/16,36.47,24.85,11.62,13.38,,1,14
15381081,2016_Pres-R_MI,2016,MI,Pres-P,Pres-R,Target Insyght,,2/23/16,400,Trump,41,Cruz,14,17,27,3/8/16,36.47,24.85,11.62,15.38,,1,14
15381109,2016_Pres-R_MI,2016,MI,Pres-P,Pres-R,Marketing Resource Group (MRG),,2/25/16,217,Trump,33,Cruz,18,18,15,3/8/16,36.47,24.85,11.62,3.38,,1,12
15381137,2016_Pres-R_MI,2016,MI,Pres-P,Pres-R,EPIC-MRA,,2/28/16,400,Trump,29,Cruz,19,18,10,3/8/16,36.47,24.85,11.62,1.62,,1,9
15381145,2016_Pres-R_MI,2016,MI,Pres-P,Pres-R,Mitchell Research & Communications,,3/1/16,679,Trump,39,Cruz,14,19,25,3/8/16,36.47,24.85,11.62,13.38,,1,7
15381149,2016_Pres-R_MI,2016,MI,Pres-P,Pres-R,Marist College,,3/2/16,482,Trump,41,Cruz,22,17,19,3/8/16,36.47,24.85,11.62,7.38,,1,6
15381150,2016_Pres-R_MI,2016,MI,Pres-P,Pres-R,Mitchell Research & Communications,,3/2/16,643,Trump,42,Cruz,19,15,23,3/8/16,36.47,24.85,11.62,11.38,,1,6
15381155,2016_Pres-R_MI,2016,MI,Pres-P,Pres-R,Trafalgar Group,,3/3/16,1643,Trump,41.87,Cruz,20.45,18.14,21.42,3/8/16,36.47,24.85,11.62,9.8,,1,5
15381156,2016_Pres-R_MI,2016,MI,Pres-P,Pres-R,YouGov,,3/3/16,637,Trump,39,Cruz,24,16,15,3/8/16,36.47,24.85,11.62,3.38,,1,5
15381176,2016_Pres-R_MI,2016,MI,Pres-P,Pres-R,American Research Group,,3/5/16,400,Trump,31,Cruz,15,33,16,3/8/16,36.47,24.85,11.62,4.38,,0,3
15381177,2016_Pres-R_MI,2016,MI,Pres-P,Pres-R,Monmouth University,,3/5/16,402,Trump,36,Cruz,23,21,13,3/8/16,36.47,24.85,11.62,1.38,,1,3
15381183,2016_Pres-R_MI,2016,MI,Pres-P,Pres-R,Mitchell Research & Communications,,3/6/16,663,Trump,42,Cruz,19,20,23,3/8/16,36.47,24.85,11.62,11.38,,1,2
15381184,2016_Pres-R_MI,2016,MI,Pres-P,Pres-R,Trafalgar Group,,3/6/16,1610,Trump,40.89,Cruz,23.26,23.04,17.63,3/8/16,36.47,24.85,11.62,6.01,,1,2
15381197,2016_Pres-R_MI,2016,MI,Pres-P,Pres-R,Mitchell Research & Communications,,3/7/16,472,Trump,41,Cruz,18,23,23,3/8/16,36.47,24.85,11.62,11.38,,1,1
15381139,2016_Pres-D_MS,2016,MS,Pres-P,Pres-D,Magellan Strategies,,2/29/16,471,Clinton,65,Sanders,11,,54,3/8/16,82.47,16.62,65.85,11.85,,1,8
15381140,2016_Pres-R_MS,2016,MS,Pres-P,Pres-R,Magellan Strategies,,2/29/16,995,Trump,41,Cruz,17,16,24,3/8/16,47.24,36.12,11.12,12.88,,1,8
15381065,2016_Pres-D_FL,2016,FL,Pres-P,Pres-D,Quinnipiac University,,2/23/16,476,Clinton,59,Sanders,33,,26,3/15/16,64.44,33.28,31.16,5.16,,1,21
15381085,2016_Pres-D_FL,2016,FL,Pres-P,Pres-D,Gravis Marketing,,2/24/16,514,Clinton,58,Sanders,42,,16,3/15/16,64.44,33.28,31.16,15.16,,1,20
15381104,2016_Pres-D_FL,2016,FL,Pres-P,Pres-D,Public Policy Polling,,2/25/16,388,Clinton,57,Sanders,32,,25,3/15/16,64.44,33.28,31.16,6.16,,1,19
15381105,2016_Pres-D_FL,2016,FL,Pres-P,Pres-D,University of North Florida,,2/25/16,685,Clinton,54,Sanders,24,,30,3/15/16,64.44,33.28,31.16,1.16,,1,19
15381157,2016_Pres-D_FL,2016,FL,Pres-P,Pres-D,CNN/Opinion Research Corp.,,3/4/16,264,Clinton,61,Sanders,34,,27,3/15/16,64.44,33.28,31.16,4.16,,1,11
15381158,2016_Pres-D_FL,2016,FL,Pres-P,Pres-D,Tarrance Group,,3/4/16,449,Clinton,64,Sanders,26,,38,3/15/16,64.44,33.28,31.16,6.84,,1,11
15381165,2016_Pres-D_FL,2016,FL,Pres-P,Pres-D,Quinnipiac University,,3/5/16,511,Clinton,62,Sanders,32,,30,3/15/16,64.44,33.28,31.16,1.16,,1,10
15381166,2016_Pres-D_FL,2016,FL,Pres-P,Pres-D,SurveyUSA,,3/5/16,823,Clinton,61,Sanders,30,,31,3/15/16,64.44,33.28,31.16,0.16,,1,10
15381186,2016_Pres-D_FL,2016,FL,Pres-P,Pres-D,Marist College,,3/7/16,500,Clinton,61,Sanders,34,,27,3/15/16,64.44,33.28,31.16,4.16,,1,8
15381201,2016_Pres-D_FL,2016,FL,Pres-P,Pres-D,"Mason-Dixon Polling & Research, Inc.",,3/8/16,500,Clinton,68,Sanders,23,,45,3/15/16,64.44,33.28,31.16,13.84,,1,7
15381211,2016_Pres-D_FL,2016,FL,Pres-P,Pres-D,Florida Atlantic University,,3/10/16,414,Clinton,59,Sanders,31,,28,3/15/16,64.44,33.28,31.16,3.16,,1,5
15381212,2016_Pres-D_FL,2016,FL,Pres-P,Pres-D,YouGov,,3/10/16,796,Clinton,62,Sanders,34,,28,3/15/16,64.44,33.28,31.16,3.16,,1,5
15381221,2016_Pres-D_FL,2016,FL,Pres-P,Pres-D,Quinnipiac University,,3/11/16,519,Clinton,60,Sanders,34,,26,3/15/16,64.44,33.28,31.16,5.16,,1,4
15381225,2016_Pres-D_FL,2016,FL,Pres-P,Pres-D,American Research Group,,3/12/16,400,Clinton,58,Sanders,37,,21,3/15/16,64.44,33.28,31.16,10.16,,1,3
15381226,2016_Pres-D_FL,2016,FL,Pres-P,Pres-D,Public Policy Polling,,3/12/16,627,Clinton,57,Sanders,32,,25,3/15/16,64.44,33.28,31.16,6.16,,1,3
15381075,2016_Pres-R_FL,2016,FL,Pres-P,Pres-R,Quinnipiac University,,2/23/16,705,Trump,44,Rubio,28,12,16,3/15/16,45.72,27.04,18.68,2.68,,1,21
15381094,2016_Pres-R_FL,2016,FL,Pres-P,Pres-R,Gravis Marketing,,2/24/16,751,Trump,45,Rubio,25,15,20,3/15/16,45.72,27.04,18.68,1.32,,1,20
15381095,2016_Pres-R_FL,2016,FL,Pres-P,Pres-R,Tel Opinion Research,,2/24/16,600,Trump,34,Rubio,27,17,7,3/15/16,45.72,27.04,18.68,11.68,,1,20
15381107,2016_Pres-R_FL,2016,FL,Pres-P,Pres-R,Public Policy Polling,,2/25/16,464,Trump,45,Rubio,25,10,20,3/15/16,45.72,27.04,18.68,1.32,,1,19
15381143,2016_Pres-R_FL,2016,FL,Pres-P,Pres-R,Tarrance Group,R,3/1/16,800,Trump,35,Rubio,30,16,5,3/15/16,45.72,27.04,18.68,13.68,,1,14
15381161,2016_Pres-R_FL,2016,FL,Pres-P,Pres-R,CNN/Opinion Research Corp.,,3/4/16,313,Trump,40,Rubio,24,19,16,3/15/16,45.72,27.04,18.68,2.68,,1,11
15381162,2016_Pres-R_FL,2016,FL,Pres-P,Pres-R,Tarrance Group,,3/4/16,450,Trump,38,Rubio,31,19,7,3/15/16,45.72,27.04,18.68,11.68,,1,11
15381172,2016_Pres-R_FL,2016,FL,Pres-P,Pres-R,Monmouth University,,3/5/16,403,Trump,38,Rubio,30,17,8,3/15/16,45.72,27.04,18.68,10.68,,1,10
15381173,2016_Pres-R_FL,2016,FL,Pres-P,Pres-R,Quinnipiac University,,3/5/16,657,Trump,45,Rubio,22,18,23,3/15/16,45.72,27.04,18.68,4.32,,1,10
15381174,2016_Pres-R_FL,2016,FL,Pres-P,Pres-R,SurveyUSA,,3/5/16,937,Trump,42,Rubio,22,17,20,3/15/16,45.72,27.04,18.68,1.32,,1,10
15381175,2016_Pres-R_FL,2016,FL,Pres-P,Pres-R,University of North Florida,,3/5/16,752,Trump,36,Rubio,24,16,12,3/15/16,45.72,27.04,18.68,6.68,,1,10
15381192,2016_Pres-R_FL,2016,FL,Pres-P,Pres-R,Fox News/Anderson Robbins Research/Shaw & Company Research,,3/7/16,813,Trump,43,Rubio,20,16,23,3/15/16,45.72,27.04,18.68,4.32,,1,8
15381193,2016_Pres-R_FL,2016,FL,Pres-P,Pres-R,Marist College,,3/7/16,511,Trump,43,Rubio,22,21,21,3/15/16,45.72,27.04,18.68,2.32,,1,8
15381194,2016_Pres-R_FL,2016,FL,Pres-P,Pres-R,Tel Opinion Research,,3/7/16,631,Trump,33,Rubio,27,16,6,3/15/16,45.72,27.04,18.68,12.68,,1,8
15381203,2016_Pres-R_FL,2016,FL,Pres-P,Pres-R,"Mason-Dixon Polling & Research, Inc.",,3/8/16,700,Trump,36,Rubio,30,17,6,3/15/16,45.72,27.04,18.68,12.68,,1,7
15381204,2016_Pres-R_FL,2016,FL,Pres-P,Pres-R,Public Policy Polling,,3/8/16,904,Trump,42,Rubio,32,14,10,3/15/16,45.72,27.04,18.68,8.68,,1,7
15381205,2016_Pres-R_FL,2016,FL,Pres-P,Pres-R,Suffolk University,,3/8/16,500,Trump,36,Rubio,27,19,9,3/15/16,45.72,27.04,18.68,9.68,,1,7
15381209,2016_Pres-R_FL,2016,FL,Pres-P,Pres-R,Opinion Savvy/InsiderAdvantage,,3/9/16,590,Trump,43,Rubio,24,21,19,3/15/16,45.72,27.04,18.68,0.32,,1,6
15381210,2016_Pres-R_FL,2016,FL,Pres-P,Pres-R,Trafalgar Group,,3/9/16,1280,Trump,42,Rubio,23,21,19,3/15/16,45.72,27.04,18.68,0.32,,1,6
15381216,2016_Pres-R_FL,2016,FL,Pres-P,Pres-R,Florida Atlantic University,,3/10/16,852,Trump,44,Rubio,21,21,23,3/15/16,45.72,27.04,18.68,4.32,,1,5
15381217,2016_Pres-R_FL,2016,FL,Pres-P,Pres-R,YouGov,,3/10/16,873,Trump,44,Rubio,21,24,23,3/15/16,45.72,27.04,18.68,4.32,,1,5
15381223,2016_Pres-R_FL,2016,FL,Pres-P,Pres-R,Quinnipiac University,,3/11/16,615,Trump,46,Rubio,22,14,24,3/15/16,45.72,27.04,18.68,5.32,,1,4
15381234,2016_Pres-R_FL,2016,FL,Pres-P,Pres-R,American Research Group,,3/12/16,400,Trump,49,Rubio,24,16,25,3/15/16,45.72,27.04,18.68,6.32,,1,3
15381235,2016_Pres-R_FL,2016,FL,Pres-P,Pres-R,Monmouth University,,3/12/16,405,Trump,44,Rubio,27,17,17,3/15/16,45.72,27.04,18.68,1.68,,1,3
15381240,2016_Pres-R_FL,2016,FL,Pres-P,Pres-R,Opinion Savvy/InsiderAdvantage,,3/13/16,787,Trump,44.3,Rubio,26.2,18.2,18.1,3/15/16,45.72,27.04,18.68,0.58,,1,2
15381241,2016_Pres-R_FL,2016,FL,Pres-P,Pres-R,Trafalgar Group,,3/13/16,1500,Trump,44,Rubio,24,20,20,3/15/16,45.72,27.04,18.68,1.32,,1,2
15381087,2016_Pres-D_IL,2016,IL,Pres-P,Pres-D,We Ask America,,2/24/16,1116,Clinton,57.23,Sanders,27.85,,29.38,3/15/16,50.56,48.61,1.95,27.43,,1,20
15381159,2016_Pres-D_IL,2016,IL,Pres-P,Pres-D,Research America Inc.,,3/4/16,600,Clinton,67,Sanders,25,,42,3/15/16,50.56,48.61,1.95,40.05,,1,11
15381187,2016_Pres-D_IL,2016,IL,Pres-P,Pres-D,Marist College,,3/7/16,529,Clinton,51,Sanders,45,,6,3/15/16,50.56,48.61,1.95,4.05,,1,8
15381188,2016_Pres-D_IL,2016,IL,Pres-P,Pres-D,We Ask America,,3/7/16,994,Clinton,62.3,Sanders,25,,37.3,3/15/16,50.56,48.61,1.95,35.35,,1,8
15381213,2016_Pres-D_IL,2016,IL,Pres-P,Pres-D,YouGov,,3/10/16,722,Clinton,46,Sanders,48,,-2,3/15/16,50.56,48.61,1.95,3.95,,0,5
15381227,2016_Pres-D_IL,2016,IL,Pres-P,Pres-D,McKeon & Associates,,3/12/16,428,Clinton,31,Sanders,30,,1,3/15/16,50.56,48.61,1.95,0.95,,1,3
15381228,2016_Pres-D_IL,2016,IL,Pres-P,Pres-D,Public Policy Polling,,3/12/16,597,Clinton,48,Sanders,45,,3,3/15/16,50.56,48.61,1.95,1.05,,1,3
15381097,2016_Pres-R_IL,2016,IL,Pres-P,Pres-R,We Ask America,,2/24/16,1311,Trump,38.44,Cruz,15.87,21.21,22.57,3/15/16,38.8,30.23,8.57,14,,1,20
15381163,2016_Pres-R_IL,2016,IL,Pres-P,Pres-R,Research America Inc.,,3/4/16,600,Trump,32,Cruz,22,21,10,3/15/16,38.8,30.23,8.57,1.43,,1,11
15381195,2016_Pres-R_IL,2016,IL,Pres-P,Pres-R,Marist College,,3/7/16,421,Trump,34,Cruz,25,21,9,3/15/16,38.8,30.23,8.57,0.43,,1,8
15381196,2016_Pres-R_IL,2016,IL,Pres-P,Pres-R,We Ask America,,3/7/16,1009,Trump,32.64,Cruz,19.9,18.41,12.74,3/15/16,38.8,30.23,8.57,4.17,,1,8
15381218,2016_Pres-R_IL,2016,IL,Pres-P,Pres-R,YouGov,,3/10/16,770,Trump,38,Cruz,34,16,4,3/15/16,38.8,30.23,8.57,4.57,,1,5
15381190,2016_Pres-D_MO,2016,MO,Pres-P,Pres-D,Fort Hays State University,,3/7/16,145,Clinton,47,Sanders,40,,7,3/15/16,49.61,49.36,0.25,6.75,,1,8
15381207,2016_Pres-D_MO,2016,MO,Pres-P,Pres-D,RABA Research,,3/9/16,670,Clinton,44,Sanders,40,,4,3/15/16,49.61,49.36,0.25,3.75,,1,6
15381229,2016_Pres-D_MO,2016,MO,Pres-P,Pres-D,Public Policy Polling,,3/12/16,839,Clinton,46,Sanders,47,,-1,3/15/16,49.61,49.36,0.25,1.25,,0,3
15381198,2016_Pres-R_MO,2016,MO,Pres-P,Pres-R,Fort Hays State University,,3/7/16,208,Trump,36,Cruz,29,9,7,3/15/16,40.84,40.63,0.21,6.79,,1,8
15381169,2016_Pres-D_NC,2016,NC,Pres-P,Pres-D,"National Research, Inc.",,3/5/16,500,Clinton,57,Sanders,28,1,29,3/15/16,54.5,40.87,13.63,15.37,,1,10
15381182,2016_Pres-D_NC,2016,NC,Pres-P,Pres-D,SurveyUSA,,3/6/16,687,Clinton,57,Sanders,34,,23,3/15/16,54.5,40.87,13.63,9.37,,1,9
15381214,2016_Pres-D_NC,2016,NC,Pres-P,Pres-D,SurveyUSA,,3/10/16,669,Clinton,58,Sanders,34,,24,3/15/16,54.5,40.87,13.63,10.37,,1,5
15381230,2016_Pres-D_NC,2016,NC,Pres-P,Pres-D,Public Policy Polling,,3/12/16,747,Clinton,56,Sanders,37,,19,3/15/16,54.5,40.87,13.63,5.37,,1,3
15381178,2016_Pres-R_NC,2016,NC,Pres-P,Pres-R,"National Research, Inc.",,3/5/16,500,Trump,32,Cruz,26,11,6,3/15/16,40.23,36.76,3.47,2.53,,1,10
15381185,2016_Pres-R_NC,2016,NC,Pres-P,Pres-R,SurveyUSA,,3/6/16,688,Trump,41,Cruz,27,14,14,3/15/16,40.23,36.76,3.47,10.53,,1,9
15381219,2016_Pres-R_NC,2016,NC,Pres-P,Pres-R,SurveyUSA,,3/10/16,734,Trump,48,Cruz,28,12,20,3/15/16,40.23,36.76,3.47,16.53,,1,5
15381236,2016_Pres-R_NC,2016,NC,Pres-P,Pres-R,Public Policy Polling,,3/12/16,749,Trump,44,Cruz,33,11,11,3/15/16,40.23,36.76,3.47,7.53,,1,3
15381160,2016_Pres-D_OH,2016,OH,Pres-P,Pres-D,CNN/Opinion Research Corp.,,3/4/16,294,Clinton,63,Sanders,33,,30,3/15/16,56.12,43.13,12.99,17.01,,1,11
15381170,2016_Pres-D_OH,2016,OH,Pres-P,Pres-D,Public Policy Polling,,3/5/16,508,Clinton,56,Sanders,35,,21,3/15/16,56.12,43.13,12.99,8.01,,1,10
15381171,2016_Pres-D_OH,2016,OH,Pres-P,Pres-D,Quinnipiac University,,3/5/16,521,Clinton,52,Sanders,43,,9,3/15/16,56.12,43.13,12.99,3.99,,1,10
15381191,2016_Pres-D_OH,2016,OH,Pres-P,Pres-D,Marist College,,3/7/16,453,Clinton,58,Sanders,38,,20,3/15/16,56.12,43.13,12.99,7.01,,1,8
15381215,2016_Pres-D_OH,2016,OH,Pres-P,Pres-D,YouGov,,3/10/16,755,Clinton,52,Sanders,43,,9,3/15/16,56.12,43.13,12.99,3.99,,1,5
15381222,2016_Pres-D_OH,2016,OH,Pres-P,Pres-D,Quinnipiac University,,3/11/16,543,Clinton,51,Sanders,46,,5,3/15/16,56.12,43.13,12.99,7.99,,1,4
15381231,2016_Pres-D_OH,2016,OH,Pres-P,Pres-D,Monmouth University,,3/12/16,302,Clinton,54,Sanders,40,,14,3/15/16,56.12,43.13,12.99,1.01,,1,3
15381232,2016_Pres-D_OH,2016,OH,Pres-P,Pres-D,Public Policy Polling,,3/12/16,502,Clinton,46,Sanders,41,,5,3/15/16,56.12,43.13,12.99,7.99,,1,3
15381239,2016_Pres-D_OH,2016,OH,Pres-P,Pres-D,American Research Group,,3/13/16,400,Clinton,52,Sanders,45,,7,3/15/16,56.12,43.13,12.99,5.99,,1,2
15381164,2016_Pres-R_OH,2016,OH,Pres-P,Pres-R,CNN/Opinion Research Corp.,,3/4/16,359,Kasich,35,Trump,41,15,-6,3/15/16,46.95,35.87,11.08,17.08,,0,11
15381179,2016_Pres-R_OH,2016,OH,Pres-P,Pres-R,Public Policy Polling,,3/5/16,638,Kasich,35,Trump,38,15,-3,3/15/16,46.95,35.87,11.08,14.08,,0,10
15381180,2016_Pres-R_OH,2016,OH,Pres-P,Pres-R,Quinnipiac University,,3/5/16,685,Kasich,32,Trump,38,16,-6,3/15/16,46.95,35.87,11.08,17.08,,0,10
15381199,2016_Pres-R_OH,2016,OH,Pres-P,Pres-R,Fox News/Anderson Robbins Research/Shaw & Company Research,,3/7/16,806,Kasich,34,Trump,29,19,5,3/15/16,46.95,35.87,11.08,6.08,,1,8
15381200,2016_Pres-R_OH,2016,OH,Pres-P,Pres-R,Marist College,,3/7/16,564,Kasich,39,Trump,33,19,6,3/15/16,46.95,35.87,11.08,5.08,,1,8
15381220,2016_Pres-R_OH,2016,OH,Pres-P,Pres-R,YouGov,,3/10/16,798,Kasich,33,Trump,33,27,0,3/15/16,46.95,35.87,11.08,11.08,,0.5,5
15381224,2016_Pres-R_OH,2016,OH,Pres-P,Pres-R,Quinnipiac University,,3/11/16,721,Kasich,38,Trump,38,16,0,3/15/16,46.95,35.87,11.08,11.08,,0.5,4
15381237,2016_Pres-R_OH,2016,OH,Pres-P,Pres-R,Monmouth University,,3/12/16,503,Kasich,40,Trump,35,15,5,3/15/16,46.95,35.87,11.08,6.08,,1,3
15381242,2016_Pres-R_OH,2016,OH,Pres-P,Pres-R,American Research Group,,3/13/16,400,Kasich,44,Trump,38,12,6,3/15/16,46.95,35.87,11.08,5.08,,1,2
15381206,2016_Pres-D_AZ,2016,AZ,Pres-P,Pres-D,Merrill Poll,,3/9/16,300,Clinton,50,Sanders,24,,26,3/22/16,56.29,41.39,14.9,11.1,,1,13
15381202,2016_Pres-R_AZ,2016,AZ,Pres-P,Pres-R,MBQF,,3/8/16,751,Trump,37.3,Cruz,23.3,14.6,14,3/22/16,45.95,27.61,18.34,4.34,,1,14
15381208,2016_Pres-R_AZ,2016,AZ,Pres-P,Pres-R,Merrill Poll,,3/9/16,300,Trump,31,Cruz,19,10,12,3/22/16,45.95,27.61,18.34,6.34,,1,13
15381244,2016_Pres-R_AZ,2016,AZ,Pres-P,Pres-R,Opinion Savvy/InsiderAdvantage,,3/20/16,607,Trump,45.8,Cruz,33.3,17.1,12.5,3/22/16,45.95,27.61,18.34,5.84,,1,2
15381238,2016_Pres-R_UT,2016,UT,Pres-P,Pres-R,Dan Jones & Associates,,3/12/16,215,Cruz,42,Kasich,13,21,29,3/22/16,69.17,16.8,52.37,23.37,,1,10
15381243,2016_Pres-R_UT,2016,UT,Pres-P,Pres-R,Y2 Analytics,,3/18/16,500,Cruz,53,Kasich,29,11,24,3/22/16,69.17,16.8,52.37,28.37,,1,4
15381233,2016_Pres-D_UT,2016,UT,Pres-P,Pres-D,Dan Jones & Associates,,3/12/16,194,Sanders,52,Clinton,44,,8,3/22/16,79.26,20.28,58.98,50.98,,1,10
15381245,2016_Pres-R_WI,2016,WI,Pres-P,Pres-R,Basswood Research,,3/20/16,500,Cruz,36.2,Trump,31.4,20.8,4.8,4/5/16,48.2,35.02,13.18,8.38,,1,16
15381247,2016_Pres-R_WI,2016,WI,Pres-P,Pres-R,Emerson College,,3/21/16,439,Cruz,36,Trump,35,19,1,4/5/16,48.2,35.02,13.18,12.18,,1,15
15381248,2016_Pres-R_WI,2016,WI,Pres-P,Pres-R,Optimus,,3/23/16,7117,Cruz,27.2,Trump,30.9,29.4,-3.7,4/5/16,48.2,35.02,13.18,16.88,,0,13
15381250,2016_Pres-R_WI,2016,WI,Pres-P,Pres-R,Marquette University,,3/26/16,471,Cruz,39.6,Trump,30.4,21.4,9.2,4/5/16,48.2,35.02,13.18,3.98,,1,10
15381254,2016_Pres-R_WI,2016,WI,Pres-P,Pres-R,Fox News/Anderson Robbins Research/Shaw & Company Research,,3/29/16,742,Cruz,42,Trump,32,19,10,4/5/16,48.2,35.02,13.18,3.18,,1,7
15381255,2016_Pres-R_WI,2016,WI,Pres-P,Pres-R,Gravis Marketing,,3/29/16,761,Cruz,44,Trump,41,15,3,4/5/16,48.2,35.02,13.18,10.18,,1,7
15381256,2016_Pres-R_WI,2016,WI,Pres-P,Pres-R,Loras College,,3/29/16,416,Cruz,38,Trump,31,18,7,4/5/16,48.2,35.02,13.18,6.18,,1,7
15381257,2016_Pres-R_WI,2016,WI,Pres-P,Pres-R,Public Policy Polling,,3/29/16,768,Cruz,38,Trump,37,17,1,4/5/16,48.2,35.02,13.18,12.18,,1,7
15381261,2016_Pres-R_WI,2016,WI,Pres-P,Pres-R,YouGov,,3/31/16,675,Cruz,43,Trump,37,18,6,4/5/16,48.2,35.02,13.18,7.18,,1,5
15381263,2016_Pres-R_WI,2016,WI,Pres-P,Pres-R,Emerson College,,4/1/16,549,Cruz,40,Trump,35,21,5,4/5/16,48.2,35.02,13.18,8.18,,1,4
15381265,2016_Pres-R_WI,2016,WI,Pres-P,Pres-R,American Research Group,,4/2/16,400,Cruz,32,Trump,42,23,-10,4/5/16,48.2,35.02,13.18,23.18,,0,3
15381246,2016_Pres-D_WI,2016,WI,Pres-P,Pres-D,Emerson College,,3/21/16,354,Sanders,44,Clinton,50,,-6,4/5/16,56.59,43.05,13.54,19.54,,0,15
15381249,2016_Pres-D_WI,2016,WI,Pres-P,Pres-D,Marquette University,,3/26/16,405,Sanders,49.2,Clinton,44.9,,4.3,4/5/16,56.59,43.05,13.54,9.24,,1,10
15381251,2016_Pres-D_WI,2016,WI,Pres-P,Pres-D,Fox News/Anderson Robbins Research/Shaw & Company Research,,3/29/16,860,Sanders,48,Clinton,43,,5,4/5/16,56.59,43.05,13.54,8.54,,1,7
15381252,2016_Pres-D_WI,2016,WI,Pres-P,Pres-D,Loras College,,3/29/16,416,Sanders,41,Clinton,47,,-6,4/5/16,56.59,43.05,13.54,19.54,,0,7
15381253,2016_Pres-D_WI,2016,WI,Pres-P,Pres-D,Public Policy Polling,,3/29/16,720,Sanders,49,Clinton,43,,6,4/5/16,56.59,43.05,13.54,7.54,,1,7
15381259,2016_Pres-D_WI,2016,WI,Pres-P,Pres-D,YouGov,,3/31/16,653,Sanders,49,Clinton,47,,2,4/5/16,56.59,43.05,13.54,11.54,,1,5
15381262,2016_Pres-D_WI,2016,WI,Pres-P,Pres-D,Emerson College,,4/1/16,542,Sanders,51,Clinton,43,,8,4/5/16,56.59,43.05,13.54,5.54,,1,4
15381264,2016_Pres-D_WI,2016,WI,Pres-P,Pres-D,American Research Group,,4/2/16,400,Sanders,48,Clinton,49,,-1,4/5/16,56.59,43.05,13.54,14.54,,0,3
15381258,2016_Pres-D_NY,2016,NY,Pres-P,Pres-D,YouGov,,3/31/16,718,Clinton,53,Sanders,43,,10,4/19/16,58.03,41.97,16.06,6.06,,1,19
15381267,2016_Pres-D_NY,2016,NY,Pres-P,Pres-D,Fox News/Anderson Robbins Research/Shaw & Company Research,,4/6/16,801,Clinton,53,Sanders,37,,16,4/19/16,58.03,41.97,16.06,0.06,,1,13
15381268,2016_Pres-D_NY,2016,NY,Pres-P,Pres-D,Gravis Marketing,,4/6/16,1134,Clinton,53,Sanders,47,,6,4/19/16,58.03,41.97,16.06,10.06,,1,13
15381274,2016_Pres-D_NY,2016,NY,Pres-P,Pres-D,Emerson College,,4/7/16,324,Clinton,56,Sanders,38,,18,4/19/16,58.03,41.97,16.06,1.94,,1,12
15381278,2016_Pres-D_NY,2016,NY,Pres-P,Pres-D,Baruch College,,4/8/16,632,Clinton,50,Sanders,37,,13,4/19/16,58.03,41.97,16.06,3.06,,1,11
15381279,2016_Pres-D_NY,2016,NY,Pres-P,Pres-D,Marist College,,4/8/16,557,Clinton,55,Sanders,41,,14,4/19/16,58.03,41.97,16.06,2.06,,1,11
15381282,2016_Pres-D_NY,2016,NY,Pres-P,Pres-D,Monmouth University,,4/9/16,302,Clinton,51,Sanders,39,,12,4/19/16,58.03,41.97,16.06,4.06,,1,10
15381283,2016_Pres-D_NY,2016,NY,Pres-P,Pres-D,Public Policy Polling,,4/9/16,663,Clinton,51,Sanders,40,,11,4/19/16,58.03,41.97,16.06,5.06,,1,10
15381284,2016_Pres-D_NY,2016,NY,Pres-P,Pres-D,Quinnipiac University,,4/9/16,860,Clinton,53,Sanders,40,,13,4/19/16,58.03,41.97,16.06,3.06,,1,10
15381285,2016_Pres-D_NY,2016,NY,Pres-P,Pres-D,Siena College,,4/9/16,538,Clinton,52,Sanders,42,,10,4/19/16,58.03,41.97,16.06,6.06,,1,10
15381295,2016_Pres-D_NY,2016,NY,Pres-P,Pres-D,Marist College,,4/12/16,591,Clinton,57,Sanders,40,,17,4/19/16,58.03,41.97,16.06,0.94,,1,7
15381297,2016_Pres-D_NY,2016,NY,Pres-P,Pres-D,Gravis Marketing,,4/13/16,635,Clinton,53,Sanders,47,,6,4/19/16,58.03,41.97,16.06,10.06,,1,6
15381300,2016_Pres-D_NY,2016,NY,Pres-P,Pres-D,YouGov,,4/14/16,1030,Clinton,53,Sanders,43,,10,4/19/16,58.03,41.97,16.06,6.06,,1,5
15381308,2016_Pres-D_NY,2016,NY,Pres-P,Pres-D,Emerson College,,4/16/16,438,Clinton,55,Sanders,40,,15,4/19/16,58.03,41.97,16.06,1.06,,1,3
15381260,2016_Pres-R_NY,2016,NY,Pres-P,Pres-R,YouGov,,3/31/16,657,Trump,52,Kasich,20,21,32,4/19/16,59.55,24.82,34.73,2.73,,1,19
15381266,2016_Pres-R_NY,2016,NY,Pres-P,Pres-R,Monmouth University,,4/4/16,302,Trump,52,Kasich,25,17,27,4/19/16,59.55,24.82,34.73,7.73,,1,15
15381270,2016_Pres-R_NY,2016,NY,Pres-P,Pres-R,Fox News/Anderson Robbins Research/Shaw & Company Research,,4/6/16,602,Trump,54,Kasich,22,15,32,4/19/16,59.55,24.82,34.73,2.73,,1,13
15381271,2016_Pres-R_NY,2016,NY,Pres-P,Pres-R,Gravis Marketing,,4/6/16,857,Trump,56,Kasich,24,20,32,4/19/16,59.55,24.82,34.73,2.73,,1,13
15381276,2016_Pres-R_NY,2016,NY,Pres-P,Pres-R,Emerson College,,4/7/16,321,Trump,56,Kasich,17,22,39,4/19/16,59.55,24.82,34.73,4.27,,1,12
15381277,2016_Pres-R_NY,2016,NY,Pres-P,Pres-R,Liberty Opinion Research,,4/7/16,6041,Trump,52,Kasich,23,19,29,4/19/16,59.55,24.82,34.73,5.73,,1,12
15381280,2016_Pres-R_NY,2016,NY,Pres-P,Pres-R,Baruch College,,4/8/16,324,Trump,60,Kasich,17,14,43,4/19/16,59.55,24.82,34.73,8.27,,1,11
15381281,2016_Pres-R_NY,2016,NY,Pres-P,Pres-R,Marist College,,4/8/16,259,Trump,54,Kasich,21,18,33,4/19/16,59.55,24.82,34.73,1.73,,1,11
15381287,2016_Pres-R_NY,2016,NY,Pres-P,Pres-R,Public Policy Polling,,4/9/16,483,Trump,51,Kasich,25,20,26,4/19/16,59.55,24.82,34.73,8.73,,1,10
15381288,2016_Pres-R_NY,2016,NY,Pres-P,Pres-R,Quinnipiac University,,4/9/16,550,Trump,55,Kasich,20,19,35,4/19/16,59.55,24.82,34.73,0.27,,1,10
15381289,2016_Pres-R_NY,2016,NY,Pres-P,Pres-R,Siena College,,4/9/16,469,Trump,50,Kasich,27,17,23,4/19/16,59.55,24.82,34.73,11.73,,1,10
15381296,2016_Pres-R_NY,2016,NY,Pres-P,Pres-R,Marist College,,4/12/16,313,Trump,54,Kasich,25,16,29,4/19/16,59.55,24.82,34.73,5.73,,1,7
15381298,2016_Pres-R_NY,2016,NY,Pres-P,Pres-R,Gravis Marketing,,4/13/16,481,Trump,57,Kasich,22,20,35,4/19/16,59.55,24.82,34.73,0.27,,1,6
15381299,2016_Pres-R_NY,2016,NY,Pres-P,Pres-R,Optimus,,4/13/16,14201,Trump,51,Kasich,26,15,25,4/19/16,59.55,24.82,34.73,9.73,,1,6
15381301,2016_Pres-R_NY,2016,NY,Pres-P,Pres-R,YouGov,,4/14/16,705,Trump,54,Kasich,19,21,35,4/19/16,59.55,24.82,34.73,0.27,,1,5
15381310,2016_Pres-R_NY,2016,NY,Pres-P,Pres-R,Emerson College,,4/16/16,361,Trump,55,Kasich,21,18,34,4/19/16,59.55,24.82,34.73,0.73,,1,3
15381291,2016_Pres-D_CT,2016,CT,Pres-P,Pres-D,Emerson College,,4/11/16,356,Clinton,49,Sanders,43,,6,4/26/16,51.8,46.42,5.38,0.62,,1,15
15381303,2016_Pres-D_CT,2016,CT,Pres-P,Pres-D,Quinnipiac University,,4/15/16,1037,Clinton,51,Sanders,42,,9,4/26/16,51.8,46.42,5.38,3.62,,1,11
15381334,2016_Pres-D_CT,2016,CT,Pres-P,Pres-D,Public Policy Polling,,4/23/16,709,Clinton,48,Sanders,46,,2,4/26/16,51.8,46.42,5.38,3.38,,1,3
15381292,2016_Pres-R_CT,2016,CT,Pres-P,Pres-R,Emerson College,,4/11/16,354,Trump,50,Kasich,26,17,24,4/26/16,57.87,28.36,29.51,5.51,,1,15
15381305,2016_Pres-R_CT,2016,CT,Pres-P,Pres-R,Quinnipiac University,,4/15/16,823,Trump,48,Kasich,28,19,20,4/26/16,57.87,28.36,29.51,9.51,,1,11
15381340,2016_Pres-R_CT,2016,CT,Pres-P,Pres-R,Public Policy Polling,,4/23/16,512,Trump,59,Kasich,25,13,34,4/26/16,57.87,28.36,29.51,4.49,,1,3
15381346,2016_Pres-R_CT,2016,CT,Pres-P,Pres-R,Gravis Marketing,,4/24/16,964,Trump,54,Kasich,27,9,27,4/26/16,57.87,28.36,29.51,2.51,,1,2
15381311,2016_Pres-D_DE,2016,DE,Pres-P,Pres-D,Gravis Marketing,,4/18/16,1026,Clinton,45,Sanders,38,,7,4/26/16,59.75,39.15,20.6,13.6,,1,8
15381313,2016_Pres-R_DE,2016,DE,Pres-P,Pres-R,Gravis Marketing,,4/18/16,1038,Trump,55,Kasich,18,15,37,4/26/16,60.77,20.35,40.42,3.42,,1,8
15381273,2016_Pres-D_MD,2016,MD,Pres-P,Pres-D,Marist College,,4/7/16,775,Clinton,58,Sanders,36,,22,4/26/16,62.53,33.81,28.72,6.72,,1,19
15381307,2016_Pres-D_MD,2016,MD,Pres-P,Pres-D,Public Policy Polling,,4/16/16,492,Clinton,58,Sanders,33,,25,4/26/16,62.53,33.81,28.72,3.72,,1,10
15381314,2016_Pres-D_MD,2016,MD,Pres-P,Pres-D,Monmouth University,,4/19/16,300,Clinton,57,Sanders,32,,25,4/26/16,62.53,33.81,28.72,3.72,,1,7
15381335,2016_Pres-D_MD,2016,MD,Pres-P,Pres-D,American Research Group,,4/23/16,400,Clinton,50,Sanders,44,,6,4/26/16,62.53,33.81,28.72,22.72,,1,3
15381275,2016_Pres-R_MD,2016,MD,Pres-P,Pres-R,Marist College,,4/7/16,368,Trump,41,Kasich,24,29,17,4/26/16,54.1,23.22,30.88,13.88,,1,19
15381286,2016_Pres-R_MD,2016,MD,Pres-P,Pres-R,TargetPoint,,4/9/16,600,Trump,33,Kasich,25,26,8,4/26/16,54.1,23.22,30.88,22.88,,1,17
15381293,2016_Pres-R_MD,2016,MD,Pres-P,Pres-R,Monmouth University,,4/11/16,301,Trump,47,Kasich,27,19,20,4/26/16,54.1,23.22,30.88,10.88,,1,15
15381309,2016_Pres-R_MD,2016,MD,Pres-P,Pres-R,Public Policy Polling,,4/16/16,310,Trump,43,Kasich,29,24,14,4/26/16,54.1,23.22,30.88,16.88,,1,10
15381330,2016_Pres-R_MD,2016,MD,Pres-P,Pres-R,Gravis Marketing,,4/21/16,759,Trump,53,Kasich,24,22,29,4/26/16,54.1,23.22,30.88,1.88,,1,5
15381341,2016_Pres-R_MD,2016,MD,Pres-P,Pres-R,American Research Group,,4/23/16,400,Trump,55,Kasich,21,19,34,4/26/16,54.1,23.22,30.88,3.12,,1,3
15381269,2016_Pres-D_PA,2016,PA,Pres-P,Pres-D,Fox News/Anderson Robbins Research/Shaw & Company Research,,4/6/16,805,Clinton,49,Sanders,38,,11,4/26/16,55.58,43.56,12.02,1.02,,1,20
15381304,2016_Pres-D_PA,2016,PA,Pres-P,Pres-D,Franklin & Marshall College,,4/15/16,321,Clinton,58,Sanders,31,,27,4/26/16,55.58,43.56,12.02,14.98,,1,11
15381312,2016_Pres-D_PA,2016,PA,Pres-P,Pres-D,Monmouth University,,4/18/16,302,Clinton,52,Sanders,39,,13,4/26/16,55.58,43.56,12.02,0.98,,1,8
15381315,2016_Pres-D_PA,2016,PA,Pres-P,Pres-D,Marist College,,4/19/16,734,Clinton,55,Sanders,40,,15,4/26/16,55.58,43.56,12.02,2.98,,1,7
15381327,2016_Pres-D_PA,2016,PA,Pres-P,Pres-D,CPEC LLC,,4/21/16,665,Clinton,61.26,Sanders,32,,29.26,4/26/16,55.58,43.56,12.02,17.24,,1,5
15381328,2016_Pres-D_PA,2016,PA,Pres-P,Pres-D,YouGov,,4/21/16,831,Clinton,51,Sanders,43,,8,4/26/16,55.58,43.56,12.02,4.02,,1,5
15381332,2016_Pres-D_PA,2016,PA,Pres-P,Pres-D,CPEC LLC,,4/22/16,665,Clinton,61.52,Sanders,32.75,,28.77,4/26/16,55.58,43.56,12.02,16.75,,1,4
15381333,2016_Pres-D_PA,2016,PA,Pres-P,Pres-D,Harper Polling,,4/22/16,641,Clinton,61,Sanders,33,,28,4/26/16,55.58,43.56,12.02,15.98,,1,4
15381336,2016_Pres-D_PA,2016,PA,Pres-P,Pres-D,American Research Group,,4/23/16,400,Clinton,58,Sanders,38,,20,4/26/16,55.58,43.56,12.02,7.98,,1,3
15381337,2016_Pres-D_PA,2016,PA,Pres-P,Pres-D,CPEC LLC,,4/23/16,665,Clinton,63.26,Sanders,36.74,,26.52,4/26/16,55.58,43.56,12.02,14.5,,1,3
15381338,2016_Pres-D_PA,2016,PA,Pres-P,Pres-D,Public Policy Polling,,4/23/16,728,Clinton,51,Sanders,41,,10,4/26/16,55.58,43.56,12.02,2.02,,1,3
15381345,2016_Pres-D_PA,2016,PA,Pres-P,Pres-D,Opinion Savvy/InsiderAdvantage,,4/24/16,942,Clinton,52.1,Sanders,40.5,,11.6,4/26/16,55.58,43.56,12.02,0.42,,1,2
15381272,2016_Pres-R_PA,2016,PA,Pres-P,Pres-R,Fox News/Anderson Robbins Research/Shaw & Company Research,,4/6/16,802,Trump,48,Cruz,20,22,28,4/26/16,56.72,21.65,35.07,7.07,,1,20
15381290,2016_Pres-R_PA,2016,PA,Pres-P,Pres-R,Muhlenberg College,,4/10/16,422,Trump,41,Cruz,23,26,18,4/26/16,56.72,21.65,35.07,17.07,,1,16
15381294,2016_Pres-R_PA,2016,PA,Pres-P,Pres-R,Monmouth University,,4/11/16,303,Trump,44,Cruz,28,23,16,4/26/16,56.72,21.65,35.07,19.07,,1,15
15381302,2016_Pres-R_PA,2016,PA,Pres-P,Pres-R,YouGov,,4/14/16,833,Trump,46,Cruz,26,23,20,4/26/16,56.72,21.65,35.07,15.07,,1,12
15381306,2016_Pres-R_PA,2016,PA,Pres-P,Pres-R,Franklin & Marshall College,,4/15/16,364,Trump,40,Cruz,26,24,14,4/26/16,56.72,21.65,35.07,21.07,,1,11
15381316,2016_Pres-R_PA,2016,PA,Pres-P,Pres-R,Marist College,,4/19/16,571,Trump,45,Cruz,27,24,18,4/26/16,56.72,21.65,35.07,17.07,,1,7
15381331,2016_Pres-R_PA,2016,PA,Pres-P,Pres-R,YouGov,,4/21/16,934,Trump,49,Cruz,26,22,23,4/26/16,56.72,21.65,35.07,12.07,,1,5
15381342,2016_Pres-R_PA,2016,PA,Pres-P,Pres-R,American Research Group,,4/23/16,400,Trump,50,Cruz,23,21,27,4/26/16,56.72,21.65,35.07,8.07,,1,3
15381343,2016_Pres-R_PA,2016,PA,Pres-P,Pres-R,Public Policy Polling,,4/23/16,826,Trump,51,Cruz,25,22,26,4/26/16,56.72,21.65,35.07,9.07,,1,3
15381347,2016_Pres-R_PA,2016,PA,Pres-P,Pres-R,Opinion Savvy/InsiderAdvantage,,4/24/16,1050,Trump,47.9,Cruz,28.2,19.2,19.7,4/26/16,56.72,21.65,35.07,15.37,,1,2
15381320,2016_Pres-D_RI,2016,RI,Pres-P,Pres-D,Brown University,,4/20/16,436,Sanders,33.9,Clinton,43.3,,-9.4,4/26/16,54.71,43.08,11.63,21.03,,0,6
15381339,2016_Pres-D_RI,2016,RI,Pres-P,Pres-D,Public Policy Polling,,4/23/16,668,Sanders,49,Clinton,45,,4,4/26/16,54.71,43.08,11.63,7.63,,1,3
15381324,2016_Pres-R_RI,2016,RI,Pres-P,Pres-R,Brown University,,4/20/16,164,Trump,37.5,Kasich,25.3,14.3,12.2,4/26/16,63.66,24.29,39.37,27.17,,1,6
15381344,2016_Pres-R_RI,2016,RI,Pres-P,Pres-R,Public Policy Polling,,4/23/16,511,Trump,61,Kasich,23,13,38,4/26/16,63.66,24.29,39.37,1.37,,1,3
15381348,2016_Pres-R_RI,2016,RI,Pres-P,Pres-R,Gravis Marketing,,4/24/16,566,Trump,58,Kasich,21,10,37,4/26/16,63.66,24.29,39.37,2.37,,1,2
15381317,2016_Pres-D_IN,2016,IN,Pres-P,Pres-D,Fox News/Anderson Robbins Research/Shaw & Company Research,,4/20/16,603,Sanders,42,Clinton,46,,-4,5/3/16,52.52,47.48,5.04,9.04,,0,13
15381318,2016_Pres-D_IN,2016,IN,Pres-P,Pres-D,Indiana University-Purdue University Fort Wayne,,4/20/16,400,Sanders,40,Clinton,55,,-15,5/3/16,52.52,47.48,5.04,20.04,,0,13
15381319,2016_Pres-D_IN,2016,IN,Pres-P,Pres-D,Public Opinion Strategies,,4/20/16,479,Sanders,45,Clinton,48,,-3,5/3/16,52.52,47.48,5.04,8.04,,0,13
15381325,2016_Pres-D_IN,2016,IN,Pres-P,Pres-D,Indiana University-Purdue University Fort Wayne,,4/21/16,400,Sanders,41,Clinton,54,,-13,5/3/16,52.52,47.48,5.04,18.04,,0,12
15381326,2016_Pres-D_IN,2016,IN,Pres-P,Pres-D,YouGov,,4/21/16,832,Sanders,44,Clinton,49,,-5,5/3/16,52.52,47.48,5.04,10.04,,0,12
15381349,2016_Pres-D_IN,2016,IN,Pres-P,Pres-D,Marist College,,4/27/16,449,Sanders,46,Clinton,50,,-4,5/3/16,52.52,47.48,5.04,9.04,,0,6
15381353,2016_Pres-D_IN,2016,IN,Pres-P,Pres-D,American Research Group,,4/28/16,400,Sanders,43,Clinton,51,,-8,5/3/16,52.52,47.48,5.04,13.04,,0,5
15381321,2016_Pres-R_IN,2016,IN,Pres-P,Pres-R,Fox News/Anderson Robbins Research/Shaw & Company Research,,4/20/16,602,Trump,41,Cruz,33,16,8,5/3/16,53.26,36.64,16.62,8.62,,1,13
15381322,2016_Pres-R_IN,2016,IN,Pres-P,Pres-R,Indiana University-Purdue University Fort Wayne,,4/20/16,400,Trump,29,Cruz,44.8,13.3,-15.8,5/3/16,53.26,36.64,16.62,32.42,,0,13
15381323,2016_Pres-R_IN,2016,IN,Pres-P,Pres-R,Public Opinion Strategies,,4/20/16,507,Trump,37,Cruz,31,22,6,5/3/16,53.26,36.64,16.62,10.62,,1,13
15381329,2016_Pres-R_IN,2016,IN,Pres-P,Pres-R,YouGov,,4/21/16,439,Trump,40,Cruz,35,20,5,5/3/16,53.26,36.64,16.62,11.62,,1,12
15381351,2016_Pres-R_IN,2016,IN,Pres-P,Pres-R,Clout Research/Wenzel Strategies,,4/27/16,423,Trump,37.1,Cruz,35.2,16.3,1.9,5/3/16,53.26,36.64,16.62,14.72,,1,6
15381352,2016_Pres-R_IN,2016,IN,Pres-P,Pres-R,Marist College,,4/27/16,645,Trump,49,Cruz,34,13,15,5/3/16,53.26,36.64,16.62,1.62,,1,6
15381354,2016_Pres-R_IN,2016,IN,Pres-P,Pres-R,American Research Group,,4/28/16,400,Trump,41,Cruz,32,21,9,5/3/16,53.26,36.64,16.62,7.62,,1,5
15381355,2016_Pres-R_IN,2016,IN,Pres-P,Pres-R,Gravis Marketing,,4/29/16,379,Trump,44,Cruz,27,9,17,5/3/16,53.26,36.64,16.62,0.38,,1,4
15381350,2016_Pres-D_WV,2016,WV,Pres-P,Pres-D,R.L. Repass & Partners,,4/27/16,315,Sanders,47,Clinton,43,,4,5/10/16,51.34,36.19,15.15,11.15,,1,13
15381356,2016_Pres-D_WV,2016,WV,Pres-P,Pres-D,Public Policy Polling,,4/30/16,637,Sanders,45,Clinton,37,,8,5/10/16,51.34,36.19,15.15,7.15,,1,10
15381357,2016_Pres-D_OR,2016,OR,Pres-P,Pres-D,"Davis, Hibbitts & Midghall, Inc.",,5/8/16,304,Sanders,33,Clinton,48,,-15,5/17/16,53.89,44.39,9.5,24.5,,0,9
15382001,2016_Pres-D_OR,2016,CA,Pres-P,Pres-D,Public Policy Institute of California,,5/18/16,552,Clinton,46,Sanders,44,,2,6/7/16,53.07,46.04,7.03,5.03,,1,20
15382002,2016_Pres-D_OR,2016,CA,Pres-P,Pres-D,SurveyUSA,,5/21/16,803,Clinton,57,Sanders,39,,18,6/7/16,53.07,46.04,7.03,10.97,,1,17
15382003,2016_Pres-D_OR,2016,CA,Pres-P,Pres-D,Greenberg Quinlan Rosner/American Viewpoint,,5/25/16,412,Clinton,49,Sanders,39,,10,6/7/16,53.07,46.04,7.03,2.97,,1,13
15382004,2016_Pres-D_OR,2016,CA,Pres-P,Pres-D,Field Research Corporation (Field Poll),,5/29/16,571,Clinton,45,Sanders,43,,2,6/7/16,53.07,46.04,7.03,5.03,,1,9
15382005,2016_Pres-D_OR,2016,CA,Pres-P,Pres-D,Marist College,,5/30/16,557,Clinton,49,Sanders,47,,2,6/7/16,53.07,46.04,7.03,5.03,,1,8
15382006,2016_Pres-D_OR,2016,CA,Pres-P,Pres-D,American Research Group,,6/1/16,400,Clinton,48,Sanders,47,,1,6/7/16,53.07,46.04,7.03,6.03,,1,6
15382007,2016_Pres-D_OR,2016,CA,Pres-P,Pres-D,YouGov,,6/2/16,674,Clinton,49,Sanders,47,,2,6/7/16,53.07,46.04,7.03,5.03,,1,5